Hotel name,area,address,health score,service score,Facility Rating,position score,Number of evaluations,renovation time,Room type,price,longitude,latitude,company,accommodation,school life
Beijing Langlizi Xishan Garden Hotel,Haidian District,"800 meters south of the intersection of Yongfeng Road and Beiqing Road, Haidian",4.8,4.8,4.7,4.4,143,2014,Deluxe suite,9970,116.292419,40.095804,0,0,0
Beijing Diaoyutai State Guesthouse,Haidian District,"No. 2 Fucheng Road, Haidian",4.9,4.8,4.8,4.6,9,2013,Deluxe suite,9888,116.339444,39.928419,28,80,43
Aman Summer Palace Beijing,Haidian District,"No. 1 Gongmenqian Street, Summer Palace, Haidian",4.7,4.6,4.4,4.4,104,2008,Deluxe suite,9289,116.288607,40.005692,2,18,5
Beijing Waldorf Hutong Courtyard,Dongcheng Area,"No. 5-15, Jinyu Alley, Dongcheng District",5,5,4.5,4.5,7,2016,Deluxe suite,6777,116.420463,39.922276,33,185,35
Aman Summer Palace Beijing,Haidian District,"No. 1 Gongmenqian Street, Summer Palace, Haidian",4.7,4.6,4.4,4.4,104,2008,business room,5813,116.288607,40.005692,2,18,5
The Peninsula Beijing,Dongcheng Area,"No. 8, Jinyu Alley, Wangfujing, Dongcheng District",4.6,4.6,4.5,4.3,346,2016,Deluxe suite,5650,116.422838,39.921343,35,165,33
Beijing Waldorf Hutong Courtyard,Dongcheng Area,"No. 5-15, Jinyu Alley, Dongcheng District",5,5,4.5,4.5,7,2016,business room,5595,116.420463,39.922276,33,185,35
Beijing Waldorf Hutong Courtyard,Dongcheng Area,"No. 5-15, Jinyu Alley, Dongcheng District",5,5,4.5,4.5,7,2016,business room,5595,116.420463,39.922276,33,185,35
Beijing Xiangshan Yihe Hotel,Haidian District,"No. 1 outside the East Gate of Hongqi, Haidianxiang (Xiangshan Road)",4.7,4.7,4.6,4.3,196,2014,Deluxe suite,5190,116.272334,40.012552,3,17,13
Beijing Yanqi Hotel,other urban areas,Huairou Yanqi Lake Yanqi Island,4.8,4.7,4.6,4.4,81,2014,Deluxe suite,5190,116.683518,40.404419,0,0,0
Beijing Waldorf Hutong Courtyard,Dongcheng Area,"No. 5-15, Jinyu Alley, Dongcheng District",5,5,4.5,4.5,7,2016,standard room,4895,116.420463,39.922276,33,185,35
Park Hyatt Beijing,Chaoyang District,"No. 2 Jianguomenwai Street, Chaoyang",4.8,4.7,4.7,4.6,202,2008,Deluxe suite,4590,116.465952,39.913588,96,188,17
Beijing International Trade Hotel,Chaoyang District,"No. 1 Jianguomenwai Street, Chaoyang",4.8,4.8,4.7,4.7,228,2010,Deluxe suite,4503,116.464285,39.915168,114,209,14
Beijing Opposite House,Chaoyang District,"Building 1, Yard 11, Sanlitun Road, Chaoyang",4.8,4.8,4.7,4.7,178,2008,Deluxe suite,4492,116.461319,39.943179,37,156,7
The Kunlun Hotel Beijing,Chaoyang District,"No. 2 Xinyuan South Road, Chaoyang",4.7,4.7,4.7,4.6,334,2012,Deluxe suite,4476,116.466349,39.954277,40,140,8
Beijing Eclat Hotel,Chaoyang District,"No. 9 East Bridge Road, Chaoyang",4.7,4.6,4.6,4.4,111,2013,Deluxe suite,4239,116.455624,39.92528,83,244,20
Beijing Sanlitun CHAO Hotel,Chaoyang District,Chaoyang Workers Stadium East Road No. 4 (100 meters inside China Red Street),4.7,4.5,4.4,4.3,2,2016,Deluxe suite,4222,116.457518,39.938353,45,175,13
Crowne Plaza Beijing Chaoyang U-Town,Chaoyang District,"No. 3 Sanfeng North Lane, Chaoyang",4.8,4.7,4.7,4.6,290,2011,Deluxe suite,4124,116.445761,39.92797,87,249,25
Beijing Hotel,Dongcheng Area,"No. 33 East Chang'an Street, Dongcheng District",4.7,4.3,4.2,4,541,2008,Deluxe suite,4102,116.415846,39.915004,57,222,53
Rosewood Beijing,Chaoyang District,Chaoyang Hujialou Jingguang Center,4.9,4.8,4.8,4.7,92,2014,Deluxe suite,4094,116.467339,39.926628,36,130,24
Crowne Plaza Beijing Zhongguancun,Haidian District,"No. 106 Zhichun Road, Haidian",4.6,4.6,4.5,4.5,292,2015,Deluxe suite,4071,116.329579,39.981495,55,97,50
Sunrise Kempinski Hotel Beijing,other urban areas,"No. 18, Yanshui Road, Yanqi Lake, Huairou",4.8,4.7,4.6,4.5,139,2015,Deluxe suite,4020,116.685097,40.392881,0,0,0
InterContinental Beijing Financial Street,other urban areas,"No. 11, Financial Street, West City",4.7,4.6,4.6,4.5,282,2005,Deluxe suite,4013,116.364196,39.924984,23,116,29
JW Marriott Hotel Beijing,Chaoyang District,"No. 83, Jianguo Road, Chaoyang China Central Place",4.8,4.8,4.6,4.6,316,2015,Deluxe suite,3954,116.488699,39.916074,24,94,11
Aman Summer Palace Beijing,Haidian District,"No. 1 Gongmenqian Street, Summer Palace, Haidian",4.7,4.6,4.4,4.4,104,2008,standard room,3785,116.288607,40.005692,2,18,5
The Ritz-Carlton Beijing (China Central Place),Chaoyang District,"No. 83, Jianguo Road, Chaoyang China Central Place",4.8,4.8,4.7,4.7,254,2007,Deluxe suite,3721,116.48729,39.916364,31,115,14
InterContinental Beijing Beichen,Chaoyang District,"Building 4, Courtyard No. 8, Beichen West Road, Chaoyang",4.6,4.6,4.6,4.5,284,2012,Deluxe suite,3665,116.39446,40.004439,9,33,9
Renaissance Beijing Capital Hotel,Chaoyang District,"No. 63, Middle East Third Ring Road, Chaoyang",4.7,4.7,4.6,4.6,355,2008,Deluxe suite,3663,116.467023,39.902582,95,185,7
Beijing Langlizi Xishan Garden Hotel,Haidian District,"800 meters south of the intersection of Yongfeng Road and Beiqing Road, Haidian",4.8,4.8,4.7,4.4,143,2014,standard room,3657,116.292419,40.095804,0,0,0
Beijing Yanqi Hotel,other urban areas,Huairou Yanqi Lake Yanqi Island,4.8,4.7,4.6,4.4,81,2014,business room,3630,116.683518,40.404419,0,0,0
Waldorf Astoria Beijing,Dongcheng Area,"No. 5-15, Jinyu Alley, Dongcheng District",4.8,4.8,4.8,4.8,146,2014,Deluxe suite,3599,116.420463,39.922276,33,185,35
Grand Hyatt Beijing,Dongcheng Area,"Oriental Plaza, No. 1 Chang'an Avenue, Dongcheng District",4.8,4.7,4.6,4.5,394,2015,Deluxe suite,3489,116.420909,39.915708,64,220,46
Beijing New World Hotel,Dongcheng Area,"No. 8, Qinian Street, Dongcheng District",4.7,4.7,4.6,4.6,328,2013,Deluxe suite,3476,116.41901,39.904519,58,237,45
The Ritz-Carlton Beijing Financial Street,other urban areas,"No. 1 Jinchengfang East Street, Financial Street, Xicheng",4.7,4.7,4.6,4.5,213,2013,Deluxe suite,3474,116.36949,39.92103,34,131,28
The Westin Bund Center Beijing,Chaoyang District,"No. 7 North East Third Ring Road, Chaoyang",4.7,4.7,4.6,4.6,329,2008,Deluxe suite,3399,116.467171,39.955858,39,114,8
Hilton Beijing Capital Airport,other urban areas,Shunyi Capital Airport Terminal 3,4.7,4.6,4.6,4.6,245,2010,Deluxe suite,3398,116.599267,40.062485,0,0,0
Commune at the foot of the Great Wall in Beijing,other urban areas,"Exit G53, Shuiguan Great Wall, Yanqing Beijing-Tibet Expressway",4.5,4.1,3.8,3.8,171,2016,Deluxe suite,3311,116.043527,40.344385,0,0,0
Sofitel Wanda Beijing,Chaoyang District,"Building C, Wanda Plaza, No. 93 Jianguo Road, Chaoyang",4.6,4.6,4.5,4.5,357,2007,Deluxe suite,3310,116.47686,39.91489,55,159,28
The Westin Beijing Financial Street,other urban areas,"No. 9, Financial Street B, Xicheng",4.7,4.7,4.6,4.6,277,2006,Deluxe suite,3290,116.365679,39.924037,25,119,22
InterContinental Beijing Sanlitun Tongying Center,Chaoyang District,Chaoyang South Sanlitun Building 1,4.7,4.6,4.6,4.5,15,2016,Deluxe suite,3255,116.459488,39.939108,40,175,12
Sunrise Kempinski Hotel Beijing,other urban areas,"No. 18, Yanshui Road, Yanqi Lake, Huairou",4.8,4.7,4.6,4.5,139,2015,business room,3250,116.685097,40.392881,0,0,0
Conrad Beijing,Chaoyang District,"No. 29 North East Third Ring Road, Chaoyang",4.7,4.7,4.6,4.6,257,2013,Deluxe suite,3220,116.467119,39.932862,22,117,16
Beijing Diaoyutai State Guesthouse,Haidian District,"No. 2 Fucheng Road, Haidian",4.9,4.8,4.8,4.6,9,2013,business room,3180,116.339444,39.928419,28,80,43
Beijing Ascott Raffles City Service Apartment,Dongcheng Area,"No. 1-2, Dongzhimen South Street, Dongcheng District",4.7,4.7,4.6,4.5,95,2009,Deluxe suite,3149,116.438995,39.945597,35,101,21
Sheraton Beijing Jinyu Hotel,Dongcheng Area,"No. 36, North Third Ring East Road, Dongcheng District",4.8,4.7,4.7,4.6,207,2011,Deluxe suite,3138,116.417439,39.972949,22,107,44
Oakwood Residence Beijing (formerly Oakwood Residence Beijing Greentown),Dongcheng Area,"No. 8, Dongzhimen Waixie Street, Dongcheng District",4.7,4.6,4.6,4.6,95,2010,Deluxe suite,3114,116.449381,39.95225,38,117,22
DoubleTree by Hilton Beijing,other urban areas,"No. 168, Guang'anmenwai Street, Xicheng",4.5,4.5,4.4,4.4,412,2013,Deluxe suite,3076,116.347075,39.894482,10,100,19
Hilton Beijing Wangfujing,Dongcheng Area,"No. 8 Wangfujing East Street, Dongcheng",4.7,4.7,4.6,4.6,398,2009,Deluxe suite,3046,116.419986,39.920806,41,194,38
The Sandalwood Beijing Marriott Executive Apartments,Chaoyang District,"No. 23 Jianguo Road, Chaoyang",4.8,4.7,4.5,4.5,91,2009,standard room,2990,116.532537,39.916717,14,30,5
Beijing Metropark Hotel,Chaoyang District,"No. 2 North Third Ring East Road, Chaoyang",4.6,4.5,4.5,4.3,13,2016,Deluxe suite,2970,116.446176,39.974274,13,48,9
Grand Skylight International Hotel Beijing,other urban areas,"Building 10, China Aviation Technology Plaza, No. 15 Ronghua South Road, Daxing Yizhuang Economic and Technological Development Zone",4.7,4.7,4.6,4.5,1,2017,Deluxe suite,2929,116.524387,39.78577,0,0,0
Beijing Ascott Service Apartment,Chaoyang District,"No. 108, Jianguo Road B, Chaoyang",4.6,4.6,4.5,4.3,141,2016,Deluxe suite,2900,116.471445,39.912641,61,160,28
Beijing Qianyuan Hotel,Dongcheng Area,"No. 19, Dongzhimen Inner Street, Dongcheng District",4.7,4.6,4.6,4.6,412,2014,Deluxe suite,2890,116.431857,39.94745,31,116,24
Beijing Lee Garden Apartment,Dongcheng Area,"No. 18, Jinyu Alley, Wangfujing, Dongcheng District",4.8,4.6,4.5,4.5,194,2014,Deluxe suite,2875,116.420971,39.92146,39,183,36
Beijing Metropark Hotel,Chaoyang District,"No. 2 North Third Ring East Road, Chaoyang",4.6,4.5,4.5,4.3,13,2016,business room,2870,116.446176,39.974274,13,48,9
Conrad Beijing,Chaoyang District,"No. 29 North East Third Ring Road, Chaoyang",4.7,4.7,4.6,4.6,257,2013,Deluxe suite,2853,116.467119,39.932862,22,117,16
Beijing New International Trade Hotel,Chaoyang District,"No. 1 Jianguomenwai Street, Chaoyang",4.5,4.4,4.3,4.1,11,2017,Deluxe suite,2845,116.464285,39.915168,114,209,14
The Ritz-Carlton Beijing Financial Street,other urban areas,"No. 1 Jinchengfang East Street, Financial Street, Xicheng",4.7,4.7,4.6,4.5,213,2013,business room,2833,116.36949,39.92103,34,131,28
Beijing Hotel NUO,Dongcheng Area,"No. 33 East Chang'an Street, Dongcheng District",4.8,4.7,4.5,4.4,289,2006,Deluxe suite,2817,116.415846,39.915004,57,222,53
Beijing Chaolin Songyuan Hotel,other urban areas,"No. 19, Ronghua Middle Road, Daxing Economic and Technological Development Zone",5,5,4.5,4.5,3,2016,Deluxe suite,2810,116.513291,39.798328,17,13,0
Beijing Jianyi Mansion,Chaoyang District,"West side of Honglingjin Bridge North Road, East Fourth Ring Middle Road, Chaoyang",4.8,4.7,4.6,4.6,44,2009,Deluxe suite,2800,116.497135,39.927805,8,44,10
Beijing Hilton Hotel,Chaoyang District,"No. 1, Dongfang Road, East Third Ring North Road, Chaoyang",4.6,4.5,4.5,4.3,323,2008,Deluxe suite,2798,116.468642,39.95857,33,99,6
"Langham Place, Beijing Capital Airport",other urban areas,"No. 1, Erjing Road, Terminal 3, Shunyi Capital Airport",4.7,4.6,4.6,4.6,270,2010,Deluxe suite,2786,116.619075,40.054541,0,0,0
InterContinental Beijing Beichen,Chaoyang District,"Building 4, Courtyard No. 8, Beichen West Road, Chaoyang",4.6,4.6,4.6,4.5,284,2012,business room,2703,116.39446,40.004439,9,33,9
Beijing Grand Hotel,Dongcheng Area,"No. 35 East Chang'an Street, Dongcheng District",4.7,4.5,4.5,4.3,309,2003,Deluxe suite,2686,116.414041,39.915059,57,235,48
Beijing Millennium Hotel,Chaoyang District,"No. 7 East Third Ring Middle Road, Chaoyang",4.7,4.7,4.6,4.5,352,2008,Deluxe suite,2686,116.467336,39.921546,52,137,31
Beijing Diaoyutai State Guesthouse,Haidian District,"No. 2 Fucheng Road, Haidian",4.9,4.8,4.8,4.6,9,2013,standard room,2680,116.339444,39.928419,28,80,43
Beijing Changfu Palace Hotel,Chaoyang District,"No. 26 Jianguomenwai Street, Chaoyang",4.7,4.6,4.6,4.5,371,2013,Deluxe suite,2678,116.444431,39.913547,87,209,17
Waldorf Astoria Beijing,Dongcheng Area,"No. 5-15, Jinyu Alley, Dongcheng District",4.8,4.8,4.8,4.8,146,2014,business room,2670,116.420463,39.922276,33,185,35
Beijing Xiangshan Yihe Hotel,Haidian District,"No. 1 outside the East Gate of Hongqi, Haidianxiang (Xiangshan Road)",4.7,4.7,4.6,4.3,196,2014,business room,2670,116.272334,40.012552,3,17,13
Beijing Dongsheng Gloria Hotel,Haidian District,"C-6, Zhongguancun Dongsheng Science and Technology Park, No. 66 Xixiaokou Road, Haidian",4.7,4.6,4.6,4.5,130,2016,Deluxe suite,2656,116.367775,40.044544,0,2,2
Beijing Olympic Village Garden Hotel,Chaoyang District,"Building A, No. 1 Yard, Lincui East Road, Chaoyang",4.6,4.5,4.4,4.3,109,2010,Deluxe suite,2650,116.387102,40.015088,0,2,1
InterContinental Beijing Financial Street,other urban areas,"No. 11, Financial Street, West City",4.7,4.6,4.6,4.5,282,2005,business room,2599,116.364196,39.924984,23,116,29
Beijing Yanqi Hotel,other urban areas,Huairou Yanqi Lake Yanqi Island,4.8,4.7,4.6,4.4,81,2014,standard room,2590,116.683518,40.404419,0,0,0
Beijing Ziyu Resort Hotel,Chaoyang District,"No. 1 Ziyu East Road, Chaoyang",4.7,4.4,4.3,4.1,117,2007,Deluxe suite,2578,116.41467,40.01734,3,20,4
Beijing China World Hotel,Chaoyang District,"No. 1 Jianguomenwai Street, Chaoyang",4.8,4.7,4.7,4.6,274,2015,Deluxe suite,2574,116.464285,39.915168,114,209,14
Beijing Beichen Wuzhou Crown International Hotel,Chaoyang District,"No. 8 North Fourth Ring Middle Road, Chaoyang",4.6,4.6,4.5,4.3,271,2007,Deluxe suite,2570,116.392419,39.992286,14,41,2
Beijing Opposite House,Chaoyang District,"Building 1, Yard 11, Sanlitun Road, Chaoyang",4.8,4.8,4.7,4.7,178,2008,business room,2560,116.461319,39.943179,37,156,7
Beijing Pangu Seven Star Hotel,Chaoyang District,"No. 27 North Fourth Ring Middle Road, Chaoyang",4.8,4.7,4.6,4.6,190,2008,Deluxe suite,2531,116.495897,39.924914,16,59,14
Beijing Marriott Hotel,Dongcheng Area,"No. 7 Jianguomen South Street, Dongcheng District",4.6,4.4,4.4,4.4,261,2015,Deluxe suite,2520,116.441013,39.910427,61,134,15
Hilton Beijing Capital Airport,other urban areas,Shunyi Capital Airport Terminal 3,4.7,4.6,4.6,4.6,245,2010,Deluxe suite,2511,116.599267,40.062485,0,0,0
Shangri-La Hotel Beijing-Xingge,Haidian District,"No. 29, Zizhuyuan Road, Haidian District, Haidian (Northwest corner of the intersection of West Third Ring North Road and Zizhuyuan Road)",4.4,4.4,4.4,4.1,20,2007,Deluxe suite,2500,116.314655,39.950208,17,89,97
Sheraton Beijing Jinyu Hotel,Dongcheng Area,"No. 36, North Third Ring East Road, Dongcheng District",4.8,4.7,4.7,4.6,207,2011,business room,2499,116.417439,39.972949,22,107,44
The Ritz-Carlton Beijing (China Central Place),Chaoyang District,"No. 83, Jianguo Road, Chaoyang China Central Place",4.8,4.8,4.7,4.7,254,2007,business room,2480,116.48729,39.916364,31,115,14
Beijing Sanlitun CHAO Hotel,Chaoyang District,Chaoyang Workers Stadium East Road No. 4 (100 meters inside China Red Street),4.7,4.5,4.4,4.3,2,2016,business room,2457,116.457518,39.938353,45,175,13
EAST Beijing,Chaoyang District,Chaoyang Jiuxianqiao Road No. 22,4.7,4.6,4.6,4.6,164,2012,Deluxe suite,2439,116.498599,39.97477,49,42,5
Beijing Sunworld Dynasty Hotel,Dongcheng Area,"No. 50, Wangfujing Street, Dongcheng District",4.7,4.6,4.5,4.4,452,2008,Deluxe suite,2435,116.418112,39.924514,33,214,31
Park Hyatt Beijing,Chaoyang District,"No. 2 Jianguomenwai Street, Chaoyang",4.8,4.7,4.7,4.6,202,2008,business room,2396,116.465952,39.913588,96,188,17
Commune at the foot of the Great Wall in Beijing,other urban areas,"Exit G53, Shuiguan Great Wall, Yanqing Beijing-Tibet Expressway",4.5,4.1,3.8,3.8,171,2016,business room,2391,116.043527,40.344385,0,0,0
Beijing Overseas Chinese Building,Dongcheng Area,"No. 2, Wangfujing Street, Dongcheng District",4.5,4.5,4.4,4.3,338,2012,Deluxe suite,2368,116.41776,39.929871,26,161,26
Beijing Beida Boya International Hotel,Haidian District,"No. 127, Zhongguancun North Street, Haidian",4.6,4.5,4.5,4.4,271,2014,Deluxe suite,2344,116.321244,40.00377,6,23,92
Grand Skylight CATIC Hotel Beijing,Chaoyang District,"No. 18, Beichen East Road, Chaoyang",4.6,4.5,4.5,4.3,254,2016,Deluxe suite,2335,116.406644,39.999278,22,125,17
Beijing Marriott Executive Apartments,Dongcheng Area,"North Gate, No. 1, Xiagongfu Street, Dongcheng District",4.7,4.6,4.6,4.6,140,2012,Deluxe suite,2325,116.415821,39.916237,57,208,38
Renaissance Beijing Jinmao Hotel,Dongcheng Area,"No. 57, Wangfujing Street, Dongcheng District",4.7,4.6,4.5,4.5,179,2014,Deluxe suite,2322,116.416871,39.927492,31,165,32
Beijing Reignwood Fairmont Hotel,Chaoyang District,"No. 8 Yong'an Dongli, Jianguomenwai Street, Chaoyang",4.6,4.6,4.5,4.4,247,2010,Deluxe suite,2322,116.458283,39.911801,126,220,16
W Hotel Beijing Chang'an Street,Chaoyang District,"No. 2 Jianguomen South Street, Chaoyang",4.8,4.7,4.6,4.6,156,2014,Deluxe suite,2322,116.443527,39.911873,78,180,16
Conrad Beijing,Chaoyang District,"No. 29 North East Third Ring Road, Chaoyang",4.7,4.7,4.6,4.6,257,2013,business room,2322,116.467119,39.932862,22,117,16
Beijing Zhongao Marco Polo Hotel,Chaoyang District,"No. 78, Anli Road, Chaoyang",4.5,4.5,4.4,4.4,327,2007,Deluxe suite,2302,116.414805,40.011391,12,49,2
Oakwood Residence Beijing (formerly Oakwood Residence Beijing Greentown),Dongcheng Area,"No. 8, Dongzhimen Waixie Street, Dongcheng District",4.7,4.6,4.6,4.6,95,2010,business room,2298,116.449381,39.95225,38,117,22
Beijing Jingdu Xinyuan Hotel,Haidian District,"Beside the Lotus Bridge, No. 6 Shifang Courtyard, Haidian",4.6,4.5,4.5,4.4,211,2012,Deluxe suite,2295,116.318323,39.904338,11,76,13
Rosewood Beijing,Chaoyang District,Chaoyang Hujialou Jingguang Center,4.9,4.8,4.8,4.7,92,2014,business room,2290,116.467339,39.926628,36,130,24
CITIC Jinling Hotel (Beijing),other urban areas,"Peach Blossom Festival, No. 1 Xiyujia, Dahuashan Town, Pinggu",4.7,4.6,4.5,4.5,185,2012,Deluxe suite,2289,117.093084,40.327858,0,0,0
Beijing Changbaishan International Hotel,Chaoyang District,"No. 25, Anyuan Beili, Chaoyang Asian Games Village",4.6,4.5,4.4,4.4,298,2013,Deluxe suite,2286,116.416525,39.991338,35,116,30
Beijing International Trade Hotel,Chaoyang District,"No. 1 Jianguomenwai Street, Chaoyang",4.8,4.8,4.7,4.7,228,2010,business room,2285,116.464285,39.915168,114,209,14
Beijing Xiyuan Hotel,Haidian District,"No. 1, Sanlihe Road, Haidian",4.5,4.4,4.4,4.1,484,2013,Deluxe suite,2279,116.282374,39.957178,17,66,15
Beijing Hanzhenyuan International Hotel,Dongcheng Area,"No. 20 Qinlao Hutong, Jiaodaokou South Street, Dongcheng District",4.7,4.7,4.6,4.4,135,2008,Deluxe suite,2270,116.411877,39.943269,27,176,26
InterContinental Beijing Sanlitun Tongying Center,Chaoyang District,Chaoyang South Sanlitun Building 1,4.7,4.6,4.6,4.5,15,2016,business room,2269,116.459488,39.939108,40,175,12
The Westin Beijing Financial Street,other urban areas,"No. 9, Financial Street B, Xicheng",4.7,4.7,4.6,4.6,277,2006,business room,2264,116.365679,39.924037,25,119,22
Sunrise Kempinski Hotel Beijing,other urban areas,"No. 18, Yanshui Road, Yanqi Lake, Huairou",4.8,4.7,4.6,4.5,139,2015,standard room,2258,116.685097,40.392881,0,0,0
Beijing Financial Street Serviced Apartment,other urban areas,"No. 1 Jinchengfang Street, Xicheng",4.7,4.6,4.5,4.4,165,2006,Deluxe suite,2255,116.370669,39.922679,30,127,28
Beijing Four Seasons Hotel,Chaoyang District,"No. 48, Liangmaqiao Road, Chaoyang",4.8,4.8,4.7,4.7,31,2012,Deluxe suite,2249,116.473015,39.955936,25,70,9
Swissotel Beijing Hong Kong Macau Center,Dongcheng Area,"No. 2 Chaoyangmen North Street, Dongcheng District",4.6,4.4,4.4,4.1,357,2008,Deluxe suite,2230,116.442025,39.938834,50,156,22
Conrad Beijing,Chaoyang District,"No. 29 North East Third Ring Road, Chaoyang",4.7,4.7,4.6,4.6,257,2013,business room,2216,116.467119,39.932862,22,117,16
The Ritz-Carlton Beijing Financial Street,other urban areas,"No. 1 Jinchengfang East Street, Financial Street, Xicheng",4.7,4.7,4.6,4.5,213,2013,standard room,2210,116.36949,39.92103,34,131,28
JW Marriott Hotel Beijing,Chaoyang District,"No. 83, Jianguo Road, Chaoyang China Central Place",4.8,4.8,4.6,4.6,316,2015,business room,2205,116.488699,39.916074,24,94,11
The Westin Bund Center Beijing,Chaoyang District,"No. 7 North East Third Ring Road, Chaoyang",4.7,4.7,4.6,4.6,329,2008,business room,2205,116.467171,39.955858,39,114,8
The Peninsula Beijing,Dongcheng Area,"No. 8, Jinyu Alley, Wangfujing, Dongcheng District",4.6,4.6,4.5,4.3,346,2016,business room,2190,116.422838,39.921343,35,165,33
Beijing Duge Private Hotel,Dongcheng Area,"801, Yuan'en Temple Hutong, Dongchengqian",4.5,4.4,4.3,4.1,11,2013,Deluxe suite,2190,116.414945,39.944118,26,141,24
Shangri-La Hotel Beijing,Haidian District,"No. 29 Zizhuyuan Road, Haidian",4.7,4.6,4.6,4.5,322,2007,Deluxe suite,2187,116.314655,39.950208,17,89,97
Hilton Beijing Capital Airport,other urban areas,Shunyi Capital Airport Terminal 3,4.7,4.6,4.6,4.6,245,2010,business room,2159,116.599267,40.062485,0,0,0
Crowne Plaza Beijing Lido,Chaoyang District,"No. 6 Jiangtai Road, Chaoyang",4.7,4.7,4.6,4.5,181,2014,Deluxe suite,2146,116.485851,39.982948,51,94,12
JW Marriott Hotel Beijing (formerly JW Marriott Hotel Pearl River Delta),other urban areas,"No. 18, Xuanwumenwai Street, Xicheng District",4.8,4.8,4.7,4.7,140,2014,Deluxe suite,2136,116.382036,39.902624,24,121,20
Beijing Celebrity International Hotel,Chaoyang District,"No. 99, Anli Road, Chaoyang",4.5,4.5,4.4,4.4,250,2013,Deluxe suite,2113,116.413616,40.002401,24,102,12
Hilton Beijing Wangfujing,Dongcheng Area,"No. 8 Wangfujing East Street, Dongcheng",4.7,4.7,4.6,4.6,398,2009,business room,2100,116.419986,39.920806,41,194,38
Beijing Zhongjian Yanqi Lakeview Hotel,other urban areas,"No. 1 Yanxiu Road, Yanqi Lake, Huairou",4.7,4.5,4.5,4.4,104,2014,Deluxe suite,2100,116.688061,40.409505,0,0,0
Beijing Marriott Hotel HNA Plaza,Chaoyang District,"No. 26, Xiaoyun Road, Chaoyang",4.6,4.5,4.5,4.4,179,2009,Deluxe suite,2098,116.473553,39.966138,14,41,4
The St. Regis Beijing,Chaoyang District,"No. 21 Jianguomenwai Street, Chaoyang",4.7,4.7,4.6,4.6,171,2008,Deluxe suite,2095,116.446967,39.915668,105,230,15
Beijing Yitian Yingren Garden Hotel,other urban areas,"No. 122, Huaigeng Road, Yangsong Town, Huairou (East side of China Film Base)",4.6,4.6,4.5,4.4,208,2012,Deluxe suite,2090,116.682415,40.296621,0,0,0
Beijing China World Hotel,Chaoyang District,"No. 1 Jianguomenwai Street, Chaoyang",4.8,4.7,4.7,4.6,274,2015,business room,2084,116.464285,39.915168,114,209,14
Crowne Plaza Beijing New Yunnan,Chaoyang District,"Yunnan Building, Northeast Corner of Sun Palace Bridge, Xiba River, Northeast Third Ring Road, Chaoyang",4.7,4.6,4.6,4.6,275,2008,Deluxe suite,2075,116.441221,39.978329,11,49,16
Beijing Eclat Hotel,Chaoyang District,"No. 9 East Bridge Road, Chaoyang",4.7,4.6,4.6,4.4,111,2013,business room,2073,116.455624,39.92528,83,244,20
Legendary Hotel Beijing,Dongcheng Area,"No. 92, Jinbao Street, Dongcheng District",4.8,4.7,4.6,4.6,316,2008,Deluxe suite,2070,116.42509,39.921171,42,172,29
InterContinental Beijing Beichen,Chaoyang District,"Building 4, Courtyard No. 8, Beichen West Road, Chaoyang",4.6,4.6,4.6,4.5,284,2012,standard room,2065,116.39446,40.004439,9,33,9
Grand Hyatt Beijing,Dongcheng Area,"Oriental Plaza, No. 1 Chang'an Avenue, Dongcheng District",4.8,4.7,4.6,4.5,394,2015,business room,2029,116.420909,39.915708,64,220,46
NUO Hotel Beijing,Chaoyang District,"No. 2, Jiangtai Road, Chaoyang",4.8,4.8,4.7,4.7,21,2015,Deluxe suite,2029,116.48728,39.982623,55,91,11
DoubleTree by Hilton Beijing,other urban areas,"No. 168, Guang'anmenwai Street, Xicheng",4.5,4.5,4.4,4.4,412,2013,business room,2026,116.347075,39.894482,10,100,19
Sheraton Beijing Jinyu Hotel,Dongcheng Area,"No. 36, North Third Ring East Road, Dongcheng District",4.8,4.7,4.7,4.6,207,2011,standard room,2013,116.417439,39.972949,22,107,44
Waldorf Astoria Beijing,Dongcheng Area,"No. 5-15, Jinyu Alley, Dongcheng District",4.8,4.8,4.8,4.8,146,2014,standard room,2008,116.420463,39.922276,33,185,35
Beijing Pangu Seven Star Hotel,Chaoyang District,"No. 27 North Fourth Ring Middle Road, Chaoyang",4.8,4.7,4.6,4.6,190,2008,business room,2008,116.495897,39.924914,16,59,14
Beijing Beichen Wuzhou Crown International Hotel,Chaoyang District,"No. 8 North Fourth Ring Middle Road, Chaoyang",4.6,4.6,4.5,4.3,271,2007,business room,2000,116.392419,39.992286,14,41,2
Gubei Light Hot Spring Resort Hotel Gubei Water Town,other urban areas,Miyun Gubei Water Town Scenic Area,4.8,4.8,4.7,4.6,37,2016,Deluxe suite,2000,117.275221,40.651817,0,0,0
Shangri-La Hotel Beijing,Haidian District,"No. 29 Zizhuyuan Road, Haidian",4.7,4.6,4.6,4.5,322,2007,business room,1991,116.314655,39.950208,17,89,97
Beijing Ambassador Hotel,other urban areas,"No. 9, Fuchengmenwai Street, Xicheng",4.4,4.4,4.4,4.2,367,2012,Deluxe suite,1981,116.356282,39.930003,39,119,41
Beijing University of Technology Jianguo Hotel,Chaoyang District,Chaoyang Pingyuan No. 100,4.6,4.5,4.5,4.5,219,2008,Deluxe suite,1978,116.484889,39.877745,16,32,38
Beijing Ziyu Resort Hotel,Chaoyang District,"No. 1 Ziyu East Road, Chaoyang",4.7,4.4,4.3,4.1,117,2007,business room,1978,116.41467,40.01734,3,20,4
Beijing Nangong Hotspring Resort Hotel,other urban areas,"No. 39, Fugong Road, Wangzuo Town, Fengtai",4.3,4.2,4.1,4.1,159,2008,Deluxe suite,1970,116.160385,39.811382,0,0,0
Rosewood Beijing,Chaoyang District,Chaoyang Hujialou Jingguang Center,4.9,4.8,4.8,4.7,92,2014,standard room,1961,116.467339,39.926628,36,130,24
Crowne Plaza Beijing Zhongguancun,Haidian District,"No. 106 Zhichun Road, Haidian",4.6,4.6,4.5,4.5,292,2015,business room,1936,116.329579,39.981495,55,97,50
Commune at the foot of the Great Wall in Beijing,other urban areas,"Exit G53, Shuiguan Great Wall, Yanqing Beijing-Tibet Expressway",4.5,4.1,3.8,3.8,171,2016,standard room,1931,116.043527,40.344385,0,0,0
Beijing Kuntai Royal Hotel,Chaoyang District,"No. 12 Chaowai Street B, Chaoyang",4.6,4.6,4.5,4.5,308,2005,Deluxe suite,1908,116.448905,39.928885,77,244,21
The Westin Bund Center Beijing,Chaoyang District,"No. 7 North East Third Ring Road, Chaoyang",4.7,4.7,4.6,4.6,329,2008,standard room,1905,116.467171,39.955858,39,114,8
Crowne Plaza Beijing Chaoyang U-Town,Chaoyang District,"No. 3 Sanfeng North Lane, Chaoyang",4.8,4.7,4.7,4.6,290,2011,business room,1898,116.445761,39.92797,87,249,25
Beijing Celebrity International Hotel,Chaoyang District,"No. 99, Anli Road, Chaoyang",4.5,4.5,4.4,4.4,250,2013,business room,1896,116.413616,40.002401,24,102,12
Beijing Jingdu Xinyuan Hotel,Haidian District,"Beside the Lotus Bridge, No. 6 Shifang Courtyard, Haidian",4.6,4.5,4.5,4.4,211,2012,business room,1892,116.318323,39.904338,11,76,13
InterContinental Beijing Sanlitun Tongying Center,Chaoyang District,Chaoyang South Sanlitun Building 1,4.7,4.6,4.6,4.5,15,2016,standard room,1890,116.459488,39.939108,40,175,12
Beijing Capital Hotel,Dongcheng Area,"No. 3 Qianmen East Street, Dongcheng District",4.6,4.5,4.5,4.3,569,2007,Deluxe suite,1889,116.415452,39.90822,60,230,46
Beijing Grand Hotel,Dongcheng Area,"No. 35 East Chang'an Street, Dongcheng District",4.7,4.5,4.5,4.3,309,2003,business room,1879,116.414041,39.915059,57,235,48
Beijing International Trade Hotel,Chaoyang District,"No. 1 Jianguomenwai Street, Chaoyang",4.8,4.8,4.7,4.7,228,2010,standard room,1879,116.464285,39.915168,114,209,14
China National Convention Center Hotel,Chaoyang District,"Building 1, Courtyard No. 8, Beichen West Road, Chaoyang",4.7,4.6,4.6,4.5,302,2009,Deluxe suite,1879,116.394458,40.007898,8,26,6
Rathin Hotel Beijing Bohao,Chaoyang District,Chaoyang Guanghua Road No. 15,4.6,4.6,4.5,4.5,309,2008,Deluxe suite,1878,116.477293,39.919861,30,139,36
Beijing Fengda International Hotel,other urban areas,"No. 20, Ronghua Middle Road, Daxing Economic and Technological Development Zone",4.6,4.5,4.5,4.4,335,2011,Deluxe suite,1878,116.515249,39.802019,26,26,0
Beijing Hanzhenyuan International Hotel,Dongcheng Area,"No. 20 Qinlao Hutong, Jiaodaokou South Street, Dongcheng District",4.7,4.7,4.6,4.4,135,2008,business room,1870,116.411877,39.943269,27,176,26
Beijing Yuantong Metropark Hotel,other urban areas,"No. 30 West Street, Ping'anli, Xicheng",4.6,4.6,4.5,4.5,379,2016,Deluxe suite,1857,116.363198,39.937159,32,112,35
Beijing Asia Hotel,Dongcheng Area,"No. 8, Xinzhong West Street, Gongti North Road, Dongcheng District",4.5,4.5,4.5,4.3,234,2013,Deluxe suite,1856,116.445164,39.938781,56,181,23
Beijing Reignwood Fairmont Hotel,Chaoyang District,"No. 8 Yong'an Dongli, Jianguomenwai Street, Chaoyang",4.6,4.6,4.5,4.4,247,2010,business room,1855,116.458283,39.911801,126,220,16
"Langham Place, Beijing Capital Airport",other urban areas,"No. 1, Erjing Road, Terminal 3, Shunyi Capital Airport",4.7,4.6,4.6,4.6,270,2010,business room,1853,116.619075,40.054541,0,0,0
W Hotel Beijing Chang'an Street,Chaoyang District,"No. 2 Jianguomen South Street, Chaoyang",4.8,4.7,4.6,4.6,156,2014,business room,1852,116.443527,39.911873,78,180,16
Beijing International Hotel,Dongcheng Area,"No. 9, Jianguomen Inner Street, Dongcheng District",4.6,4.5,4.4,4.1,419,2012,Deluxe suite,1848,116.434851,39.915467,70,188,22
Crowne Plaza Beijing International Airport,other urban areas,"No. 60, Fuqian First Street, Tianzhu District, Capital Airport, Shunyi",4.5,4.4,4.4,4.3,238,2008,Deluxe suite,1845,116.564393,40.070228,0,0,0
Beijing Pangu Seven Star Hotel,Chaoyang District,"No. 27 North Fourth Ring Middle Road, Chaoyang",4.8,4.7,4.6,4.6,190,2008,standard room,1840,116.495897,39.924914,16,59,14
Grand Skylight CATIC Hotel Beijing,Chaoyang District,"No. 18, Beichen East Road, Chaoyang",4.6,4.5,4.5,4.3,254,2016,business room,1824,116.406644,39.999278,22,125,17
Park Hyatt Beijing,Chaoyang District,"No. 2 Jianguomenwai Street, Chaoyang",4.8,4.7,4.7,4.6,202,2008,standard room,1822,116.465952,39.913588,96,188,17
Beijing Opposite House,Chaoyang District,"Building 1, Yard 11, Sanlitun Road, Chaoyang",4.8,4.8,4.7,4.7,178,2008,standard room,1819,116.461319,39.943179,37,156,7
Rathin Hotel Beijing Bohao,Chaoyang District,Chaoyang Guanghua Road No. 15,4.6,4.6,4.5,4.5,309,2008,business room,1815,116.477293,39.919861,30,139,36
Grand Mercure Beijing Oriental,Dongcheng Area,"No. 101, Jiaodaokou East Street, Dongcheng District",4.6,4.6,4.5,4.4,220,2014,Deluxe suite,1813,116.417926,39.947562,21,139,24
JW Marriott Hotel Beijing (formerly JW Marriott Hotel Pearl River Delta),other urban areas,"No. 18, Xuanwumenwai Street, Xicheng District",4.8,4.8,4.7,4.7,140,2014,business room,1813,116.382036,39.902624,24,121,20
Beijing New World Hotel,Dongcheng Area,"No. 8, Qinian Street, Dongcheng District",4.7,4.7,4.6,4.6,328,2013,business room,1811,116.41901,39.904519,58,237,45
Shangri-La Hotel Beijing-Xingge,Haidian District,"No. 29, Zizhuyuan Road, Haidian District, Haidian (Northwest corner of the intersection of West Third Ring North Road and Zizhuyuan Road)",4.4,4.4,4.4,4.1,20,2007,business room,1800,116.314655,39.950208,17,89,97
Beijing Jiuhua Villa VIP Building Hotel,other urban areas,"1000 meters east of Mafang Bridge, Xiaotangshan, Changping",4.2,4.2,4.1,4.1,171,2009,Deluxe suite,1799,116.394718,40.164945,0,0,0
Beijing Longcheng Palace International Hotel,other urban areas,Changping Road 317,4.6,4.4,4.4,4.3,187,2002,Deluxe suite,1795,116.309825,40.092441,0,0,0
The Westin Beijing Financial Street,other urban areas,"No. 9, Financial Street B, Xicheng",4.7,4.7,4.6,4.6,277,2006,standard room,1771,116.365679,39.924037,25,119,22
Legendary Hotel Beijing,Dongcheng Area,"No. 92, Jinbao Street, Dongcheng District",4.8,4.7,4.6,4.6,316,2008,business room,1770,116.42509,39.921171,42,172,29
Crowne Plaza Beijing International Art Garden,Dongcheng Area,"No. 48, Wangfujing Street, Dongcheng District",4.6,4.4,4.4,4.1,334,2006,business room,1768,116.417705,39.925384,29,196,31
Beijing Empark Grand Hotel,Haidian District,"No. 69, Banjing Road, Haidian",4.6,4.6,4.5,4.4,309,2009,Deluxe suite,1768,116.287214,39.959426,11,58,14
Beijing Lijingwan International Hotel,Chaoyang District,"No. 28, Shilibao Beili, East Fourth Ring Road, Chaoyang",4.5,4.4,4.4,4.2,231,2008,Deluxe suite,1767,116.508851,39.927086,9,68,7
Beijing Duge Private Hotel,Dongcheng Area,"801, Yuan'en Temple Hutong, Dongchengqian",4.5,4.4,4.3,4.1,11,2013,business room,1766,116.414945,39.944118,26,141,24
The Peninsula Beijing,Dongcheng Area,"No. 8, Jinyu Alley, Wangfujing, Dongcheng District",4.6,4.6,4.5,4.3,346,2016,standard room,1760,116.422838,39.921343,35,165,33
Beijing Marriott Executive Apartments,Dongcheng Area,"North Gate, No. 1, Xiagongfu Street, Dongcheng District",4.7,4.6,4.6,4.6,140,2012,business room,1740,116.415821,39.916237,57,208,38
Renaissance Beijing Capital Hotel,Chaoyang District,"No. 62, Middle East Third Ring Road, Chaoyang",4.7,4.7,4.6,4.6,355,2008,business room,1739,116.467154,39.900843,93,184,9
Beijing Four Seasons Hotel,Chaoyang District,"No. 48, Liangmaqiao Road, Chaoyang",4.8,4.8,4.7,4.7,31,2012,business room,1739,116.473015,39.955936,25,70,9
JW Marriott Hotel Beijing,Chaoyang District,"No. 83, Jianguo Road, Chaoyang China Central Place",4.8,4.8,4.6,4.6,316,2015,standard room,1722,116.488699,39.916074,24,94,11
The Ritz-Carlton Beijing (China Central Place),Chaoyang District,"No. 83, Jianguo Road, Chaoyang China Central Place",4.8,4.8,4.7,4.7,254,2007,standard room,1720,116.48729,39.916364,31,115,14
Beijing Pengrun International Hotel,Chaoyang District,"No. 26 Xiaoyun Road, Chaoyang",4.6,4.5,4.4,4.4,334,2011,Deluxe suite,1719,116.473088,39.964761,13,40,5
Beijing Ascott Service Apartment,Chaoyang District,"No. 108, Jianguo Road B, Chaoyang",4.6,4.6,4.5,4.3,141,2016,business room,1716,116.471445,39.912641,61,160,28
Beijing Huashang Conference Center Hotel,other urban areas,"No. 70 Deshengmen West Street, Xicheng",4.8,4.8,4.7,4.7,19,2012,Deluxe suite,1714,116.372658,39.951781,23,99,48
Beijing Financial Street Serviced Apartment,other urban areas,"No. 1 Jinchengfang Street, Xicheng",4.7,4.6,4.5,4.4,165,2006,business room,1708,116.370669,39.922679,30,127,28
Beijing Hilton Hotel,Chaoyang District,"No. 1, Dongfang Road, East Third Ring North Road, Chaoyang",4.6,4.5,4.5,4.3,323,2008,business room,1700,116.468642,39.95857,33,99,6
Grand Skylight International Hotel Beijing,other urban areas,"Building 10, China Aviation Technology Plaza, No. 15 Ronghua South Road, Daxing Yizhuang Economic and Technological Development Zone",4.7,4.7,4.6,4.5,1,2017,business room,1698,116.524387,39.78577,0,0,0
Beijing Ascott Raffles City Service Apartment,Dongcheng Area,"No. 1-2, Dongzhimen South Street, Dongcheng District",4.7,4.7,4.6,4.5,95,2009,business room,1689,116.438995,39.945597,35,101,21
Beijing Tylfull Hotel,Haidian District,"Building 1, Yard 1, Xitucheng Road, Haidian",4.8,4.7,4.7,4.6,7,2016,Deluxe suite,1688,116.359671,39.979747,18,85,93
Beijing Great Wall Hotel,Chaoyang District,"No. 10, North East Third Ring Road, Chaoyang",4.4,4.3,4.1,3.8,321,2007,Deluxe suite,1681,116.469675,39.950621,35,121,8
Beijing Wanda Realm Hotel,other urban areas,"Building 1, No. 18, Shijingshan Road A, Shijingshan",4.6,4.5,4.4,4.4,286,2009,Deluxe suite,1678,116.184556,39.938867,2,12,5
Beijing Dongsheng Gloria Hotel,Haidian District,"C-6, Zhongguancun Dongsheng Science and Technology Park, No. 66 Xixiaokou Road, Haidian",4.7,4.6,4.6,4.5,130,2016,business room,1678,116.367775,40.044544,0,2,2
Beijing Yulong International Hotel,Haidian District,"No. 40, Fucheng Road, Haidian",4.6,4.5,4.5,4.5,313,2008,Deluxe suite,1670,116.305095,39.929569,20,87,56
Beijing Baifuyi Hotel,Chaoyang District,"No. 19 South Erlizhuang, Dongzhimenwai Street, Chaoyang",4.6,4.5,4.5,4.5,298,2013,Deluxe suite,1670,116.450464,39.948819,36,113,22
The St. Regis Beijing,Chaoyang District,"No. 21 Jianguomenwai Street, Chaoyang",4.7,4.7,4.6,4.6,171,2008,business room,1670,116.446967,39.915668,105,230,15
Beijing Jingguang Center Hotel Apartment,Chaoyang District,"Hujia Building, Jingguang Center, No. 1 Chaoyangmenwai Street, Chaoyang",4.6,4.4,4.4,4.2,12,2006,Deluxe suite,1669,116.454807,39.929431,72,229,20
Beijing Gehua New Century Hotel,Chaoyang District,"No. 19, Gulouwai Street, North Third Ring Road, Chaoyang",4.7,4.7,4.7,4.6,265,2008,Deluxe suite,1658,116.40085,39.971546,22,115,21
Kempinski Hotel Beijing Lufthansa Center,Chaoyang District,"No. 50 Liangmaqiao Road, Chaoyang",4.7,4.5,4.5,4.2,268,2014,business room,1657,116.472064,39.955494,29,82,10
Hilton Beijing Wangfujing,Dongcheng Area,"No. 8 Wangfujing East Street, Dongcheng",4.7,4.7,4.6,4.6,398,2009,standard room,1656,116.419986,39.920806,41,194,38
Hotel Nikko New Century Beijing,Haidian District,"No. 6, Head South Road, Haidian",4.4,4.4,4.4,4.2,507,2013,Deluxe suite,1650,116.334416,39.943255,20,63,50
Beijing Zhongle Six Star Hotel,other urban areas,"No. 4, District 3, Fangzhuang Fangqun Garden, Fengtai",4.5,4.4,4.4,4.3,187,2014,Deluxe suite,1648,116.43145,39.867053,10,100,13
Beijing Ruihaimu Pastoral Resort,other urban areas,"No. 2 West Bridge Road, Miyun",4.3,4.2,4.1,3.9,195,2007,Deluxe suite,1640,116.840183,40.373798,0,0,0
The Kunlun Hotel Beijing,Chaoyang District,"No. 2 Xinyuan South Road, Chaoyang",4.7,4.7,4.7,4.6,334,2012,business room,1633,116.466349,39.954277,40,140,8
Beijing Marriott Hotel HNA Plaza,Chaoyang District,"No. 26, Xiaoyun Road, Chaoyang",4.6,4.5,4.5,4.4,179,2009,business room,1632,116.473553,39.966138,14,41,4
Beijing Chaolin Songyuan Hotel,other urban areas,"No. 19, Ronghua Middle Road, Daxing Economic and Technological Development Zone",5,5,4.5,4.5,3,2016,business room,1629,116.513291,39.798328,17,13,0
InterContinental Beijing Financial Street,other urban areas,"No. 11, Financial Street, West City",4.7,4.6,4.6,4.5,282,2005,standard room,1627,116.364196,39.924984,23,116,29
Sofitel Wanda Beijing,Chaoyang District,"Building C, Wanda Plaza, No. 93 Jianguo Road, Chaoyang",4.6,4.6,4.5,4.5,357,2007,business room,1627,116.47686,39.91489,55,159,28
Conrad Beijing,Chaoyang District,"No. 29 North East Third Ring Road, Chaoyang",4.7,4.7,4.6,4.6,257,2013,standard room,1623,116.467119,39.932862,22,117,16
NUO Hotel Beijing,Chaoyang District,"No. 2, Jiangtai Road, Chaoyang",4.8,4.8,4.7,4.7,21,2015,business room,1623,116.48728,39.982623,55,91,11
Crowne Plaza Beijing Chaoyang U-Town,Chaoyang District,"No. 3 Sanfeng North Lane, Chaoyang",4.8,4.7,4.7,4.6,290,2011,standard room,1622,116.445761,39.92797,87,249,25
Beijing China World Hotel,Chaoyang District,"No. 1 Jianguomenwai Street, Chaoyang",4.8,4.7,4.7,4.6,274,2015,standard room,1622,116.464285,39.915168,114,209,14
Renaissance Beijing Jinmao Hotel,Dongcheng Area,"No. 57, Wangfujing Street, Dongcheng District",4.7,4.6,4.5,4.5,179,2014,business room,1614,116.416871,39.927492,31,165,32
Hilton Beijing Capital Airport,other urban areas,Shunyi Capital Airport Terminal 3,4.7,4.6,4.6,4.6,245,2010,business room,1610,116.599267,40.062485,0,0,0
Beijing Wenjin International Hotel,Haidian District,Haidian Tsinghua Science and Technology Park,4.6,4.5,4.3,4.3,243,2007,Deluxe suite,1601,116.337403,40.000411,29,68,103
"Four Points by Sheraton Beijing, Haidian",Haidian District,"Block 1, No. 25, Yuanda Road, Haidian",4.6,4.5,4.5,4.5,202,2012,Deluxe suite,1599,116.286658,39.964188,10,51,15
Beijing Kuntai Hotel,Chaoyang District,Chaoyang Wangjing Qiyang Road No. 2,4.6,4.5,4.3,4.3,154,2011,Deluxe suite,1588,116.497705,40.012446,4,9,1
Beijing Wanshi Celebrity Hotel,Chaoyang District,"Beiyuan Middle Street, 300 meters north of Gujiazhuang Bridge, Beiyuan East Road, Chaoyang",4.6,4.5,4.4,4.2,79,2014,Deluxe suite,1588,116.446592,40.034562,4,4,0
Conrad Beijing,Chaoyang District,"No. 29 North East Third Ring Road, Chaoyang",4.7,4.7,4.6,4.6,257,2013,standard room,1585,116.467119,39.932862,22,117,16
W Hotel Beijing Chang'an Street,Chaoyang District,"No. 2 Jianguomen South Street, Chaoyang",4.8,4.7,4.6,4.6,156,2014,standard room,1582,116.443527,39.911873,78,180,16
Pullman Beijing Xingji Hotel,other urban areas,"No. 12 Ronghua South Road, Daxing Economic and Technological Development Zone",4.4,4.3,4.3,4.3,229,2008,Deluxe suite,1573,116.522453,39.79302,5,0,0
Beijing Liaoning Building,Haidian District,"No. 2, West Road, North Fourth Ring Road, Haidian",4.6,4.5,4.5,4.4,313,2015,Deluxe suite,1570,116.343697,39.990957,21,78,160
Beijing Jinlin Hotel,Dongcheng Area,"No. 18 East Street, Zhushikou, Dongcheng",4.5,4.4,4.3,4.2,235,2013,Deluxe suite,1570,116.407681,39.896713,19,137,33
Beijing Hanzhenyuan International Hotel,Dongcheng Area,"No. 20 Qinlao Hutong, Jiaodaokou South Street, Dongcheng District",4.7,4.7,4.6,4.4,135,2008,standard room,1570,116.411877,39.943269,27,176,26
Beijing Heyuanjingyi Hotel,other urban areas,"District 2, Courtyard No. 57, Bianhe Road, Houshayu Town, Shunyi",4.6,4.4,4.3,4.2,135,2008,Deluxe suite,1570,116.492409,40.089266,0,0,0
Beijing New International Trade Hotel,Chaoyang District,"No. 1 Jianguomenwai Street, Chaoyang",4.5,4.4,4.3,4.1,11,2017,business room,1568,116.464285,39.915168,114,209,14
Beijing Four Seasons Hotel,Chaoyang District,"No. 48, Liangmaqiao Road, Chaoyang",4.8,4.8,4.7,4.7,31,2012,standard room,1568,116.473015,39.955936,25,70,9
Beijing Sanlitun CHAO Hotel,Chaoyang District,Chaoyang Workers Stadium East Road No. 4 (100 meters inside China Red Street),4.7,4.5,4.4,4.3,2,2016,standard room,1566,116.457518,39.938353,45,175,13
Beijing Regent Hotel,Dongcheng Area,"No. 99, Jinbao Street, Dongcheng District",4.8,4.7,4.6,4.6,415,2006,business room,1564,116.42523,39.921888,40,174,27
Beijing Haoyuan Jianguo Hotel,Dongcheng Area,"No. 17, Jianguomen Inner Street, Dongcheng District",4.6,4.5,4.4,4.1,277,2006,Deluxe suite,1559,116.42984,39.915605,52,144,28
Beijing New World Hotel,Dongcheng Area,"No. 8, Qinian Street, Dongcheng District",4.7,4.7,4.6,4.6,328,2013,standard room,1556,116.41901,39.904519,58,237,45
Beijing West International Trade Hotel,other urban areas,Fengtai Fengguan Road No. 16,4.6,4.4,4.4,4.2,217,2008,Deluxe suite,1555,116.316937,39.861806,10,39,4
Beijing Xinhai Jinjiang Hotel,Dongcheng Area,"No. 61, Jinbao Street, Dongcheng District",4.6,4.6,4.6,4.5,202,2005,Deluxe suite,1554,116.432158,39.921859,52,131,29
Beijing Air China Boyue Hotel,Chaoyang District,"No. 36 Xiaoyun Road, Chaoyang",4.5,4.5,4.4,4.3,281,2003,Deluxe suite,1550,116.454807,39.929431,72,229,20
Grand Hyatt Beijing,Dongcheng Area,"Oriental Plaza, No. 1 Chang'an Avenue, Dongcheng District",4.8,4.7,4.6,4.5,394,2015,standard room,1546,116.420909,39.915708,64,220,46
Beijing Changfu Palace Hotel,Chaoyang District,"No. 26 Jianguomenwai Street, Chaoyang",4.7,4.6,4.6,4.5,371,2013,business room,1546,116.444431,39.913547,87,209,17
Beijing Eclat Hotel,Chaoyang District,"No. 9 East Bridge Road, Chaoyang",4.7,4.6,4.6,4.4,111,2013,standard room,1544,116.455624,39.92528,83,244,20
Beijing Marriott Hotel,Dongcheng Area,"No. 7 Jianguomen South Street, Dongcheng District",4.6,4.4,4.4,4.4,261,2015,business room,1524,116.441013,39.910427,61,134,15
Beijing Kuntai Royal Hotel,Chaoyang District,"No. 12 Chaowai Street B, Chaoyang",4.6,4.6,4.5,4.5,308,2005,business room,1522,116.448905,39.928885,77,244,21
Beijing Jianyi Mansion,Chaoyang District,"West side of Honglingjin Bridge North Road, East Fourth Ring Middle Road, Chaoyang",4.8,4.7,4.6,4.6,44,2009,business room,1520,116.497135,39.927805,8,44,10
Crowne Plaza Beijing Lido,Chaoyang District,"No. 6 Jiangtai Road, Chaoyang",4.7,4.7,4.6,4.5,181,2014,business room,1516,116.485851,39.982948,51,94,12
Beijing Lee Garden Apartment,Dongcheng Area,"No. 18, Jinyu Alley, Wangfujing, Dongcheng District",4.8,4.6,4.5,4.5,194,2014,business room,1506,116.420971,39.92146,39,183,36
Holiday Inn Resort Beijing Brilliant,other urban areas,"No. 66, Gulong Road, Zhangshanying Town, Yanqing",4.7,4.5,4.5,4.4,182,2013,Deluxe suite,1503,115.820753,40.481362,0,0,0
Beijing Beichen Wuzhou Crown International Hotel,Chaoyang District,"No. 8 North Fourth Ring Middle Road, Chaoyang",4.6,4.6,4.5,4.3,271,2007,standard room,1502,116.392419,39.992286,14,41,2
Beijing Financial Street Serviced Apartment,other urban areas,"No. 1 Jinchengfang Street, Xicheng",4.7,4.6,4.5,4.4,165,2006,standard room,1498,116.370669,39.922679,30,127,28
Beijing Tangla Hotel,other urban areas,"No. 19 Fuxingmenwai Street, West Chang'an Street, Xicheng",4.6,4.6,4.5,4.5,427,2009,Deluxe suite,1498,116.348828,39.913271,43,121,28
Crowne Plaza Beijing New Yunnan,Chaoyang District,"Yunnan Building, Northeast Corner of Sun Palace Bridge, Xiba River, Northeast Third Ring Road, Chaoyang",4.7,4.6,4.6,4.6,275,2008,business room,1492,116.441221,39.978329,11,49,16
Beijing Ritan Hotel,Chaoyang District,"No. 1, Ritan Road, Chaoyang",4.6,4.6,4.5,4.5,214,2012,Deluxe suite,1490,116.447479,39.922603,83,229,24
Beijing Metropark International Conference Center (formerly Longxi Hot Spring Resort Hotel),other urban areas,"Building 7, Yard 55, Daxing Longhua Street",4.8,4.7,4.6,4.4,8,2016,Deluxe suite,1490,116.306922,39.639004,0,0,0
Beijing Marriott Executive Apartments,Dongcheng Area,"North Gate, No. 1, Xiagongfu Street, Dongcheng District",4.7,4.6,4.6,4.6,140,2012,standard room,1482,116.415821,39.916237,57,208,38
Beijing Hanhua International Hotel,Dongcheng Area,"No. 26 West Binhe Road, Anwai District, Dongcheng District",4.6,4.5,4.4,4.4,313,2006,Deluxe suite,1480,116.404352,39.956554,37,110,20
Beijing Hanhua International Hotel,Dongcheng Area,"No. 26 West Binhe Road, Anwai District, Dongcheng District",4.6,4.5,4.4,4.4,313,2006,Deluxe suite,1480,116.404352,39.956554,37,110,20
JW Marriott Hotel Beijing (formerly JW Marriott Hotel Pearl River Delta),other urban areas,"No. 18, Xuanwumenwai Street, Xicheng District",4.8,4.8,4.7,4.7,140,2014,standard room,1479,116.382036,39.902624,24,121,20
Beijing Sunworld Dynasty Hotel,Dongcheng Area,"No. 50, Wangfujing Street, Dongcheng District",4.7,4.6,4.5,4.4,452,2008,business room,1478,116.418112,39.924514,33,214,31
Beijing Napa Hot Spring Hotel,other urban areas,"No. 68, Shashun Road, Xiaotangshan Town, Changping",4.2,4.2,4,3.9,65,2006,Deluxe suite,1470,116.43146,40.178104,0,0,0
Beijing Guoerzhao Hotel (East Building),other urban areas,"No. 6, Xizhimen South Street, Xicheng (South Gate)",4.6,4.6,4.6,4.5,173,2015,Deluxe suite,1469,116.363278,39.944267,33,115,30
The St. Regis Beijing,Chaoyang District,"No. 21 Jianguomenwai Street, Chaoyang",4.7,4.7,4.6,4.6,171,2008,standard room,1460,116.446967,39.915668,105,230,15
Crowne Plaza Beijing International Airport,other urban areas,"No. 60, Fuqian First Street, Tianzhu District, Capital Airport, Shunyi",4.5,4.4,4.4,4.3,238,2008,business room,1457,116.564393,40.070228,0,0,0
Beijing Yishengyuan International Conference Center,other urban areas,"No. 5, Zuodi Road, Beixiaoying Town, Shunyi",4.3,4.2,4.2,4.1,90,2006,Deluxe suite,1456,116.70043,40.205063,0,0,0
Hilton Beijing Capital Airport,other urban areas,Shunyi Capital Airport Terminal 3,4.7,4.6,4.6,4.6,245,2010,standard room,1438,116.599267,40.062485,0,0,0
Beijing Renwei Hotel,Chaoyang District,Chaoyang Panjiayuan South Lane No. 19,4.6,4.5,4.5,4.5,281,2006,Deluxe suite,1436,116.451854,39.881216,14,109,20
Beijing Capital Hotel,Dongcheng Area,"No. 3 Qianmen East Street, Dongcheng District",4.6,4.5,4.5,4.3,569,2007,business room,1409,116.415452,39.90822,60,230,46
Beijing Hotel,Dongcheng Area,"No. 33 East Chang'an Street, Dongcheng District",4.7,4.3,4.2,4,541,2008,business room,1406,116.415846,39.915004,57,222,53
Beijing Macrolink Lijing Hot Spring Hotel,other urban areas,"No. 111, Xuanzhuang Huzhong Street, Lisui Town, Shunyi",4.6,4.6,4.4,4.1,10,2015,Deluxe suite,1405,116.769465,40.130551,0,0,0
Beijing Sunshine International Conference Center,other urban areas,"No. 1 South of Rulin Village, Xiji Town, Tongzhou",4.2,3.9,3.9,3.9,55,2013,Deluxe suite,1405,116.798816,39.815461,0,0,0
Beijing Grand Hotel,Dongcheng Area,"No. 35 East Chang'an Street, Dongcheng District",4.7,4.5,4.5,4.3,309,2003,standard room,1390,116.414041,39.915059,57,235,48
Beijing Jingrui Hot Spring International Hotel,Chaoyang District,"No. 17, South East Third Ring Road, Chaoyang",4.4,4.3,4.3,4.1,263,2016,Deluxe suite,1390,116.466809,39.875407,14,100,20
Beijing Jianyi Mansion,Chaoyang District,"West side of Honglingjin Bridge North Road, East Fourth Ring Middle Road, Chaoyang",4.8,4.7,4.6,4.6,44,2009,standard room,1390,116.497135,39.927805,8,44,10
Beijing Reignwood Fairmont Hotel,Chaoyang District,"No. 8 Yong'an Dongli, Jianguomenwai Street, Chaoyang",4.6,4.6,4.5,4.4,247,2010,standard room,1389,116.458283,39.911801,126,220,16
Beijing Hyde Hot Spring Hotel,Chaoyang District,"No. 1 Xili, Qingnian Road, Chaoyang",4.3,4.2,4.1,4.1,100,2014,Deluxe suite,1388,116.522665,39.941712,11,39,5
Hilton Beijing Capital Airport,other urban areas,Shunyi Capital Airport Terminal 3,4.7,4.6,4.6,4.6,245,2010,standard room,1387,116.599267,40.062485,0,0,0
Beijing Beida Boya International Hotel,Haidian District,"No. 127, Zhongguancun North Street, Haidian",4.6,4.5,4.5,4.4,271,2014,business room,1379,116.321244,40.00377,6,23,92
Crowne Plaza Beijing Zhongguancun,Haidian District,"No. 106 Zhichun Road, Haidian",4.6,4.6,4.5,4.5,292,2015,standard room,1379,116.329579,39.981495,55,97,50
Beijing University of Technology Jianguo Hotel,Chaoyang District,Chaoyang Pingyuan No. 100,4.6,4.5,4.5,4.5,219,2008,business room,1378,116.484889,39.877745,16,32,38
Beijing Lijingwan International Hotel,Chaoyang District,"No. 28, Shilibao Beili, East Fourth Ring Road, Chaoyang",4.5,4.4,4.4,4.2,231,2008,business room,1378,116.508851,39.927086,9,68,7
Beijing Empark Fragrant Hills Business Hotel,Haidian District,"No. 59, North Zhenghuang Banner, Haidian",4.7,4.6,4.5,4.4,259,2010,Deluxe suite,1370,116.209876,39.997503,11,16,1
Beijing Heyuanjingyi Hotel,other urban areas,"District 2, Courtyard No. 57, Bianhe Road, Houshayu Town, Shunyi",4.6,4.4,4.3,4.2,135,2008,business room,1370,116.492409,40.089266,0,0,0
Beijing Riverside Hotel,other urban areas,"No. 15, Fengtai Shooting Range Road",4.7,4.6,4.6,4.4,149,2013,Deluxe suite,1359,116.176544,39.88232,0,0,0
Beijing Lee Garden Apartment,Dongcheng Area,"No. 18, Jinyu Alley, Wangfujing, Dongcheng District",4.8,4.6,4.5,4.5,194,2014,standard room,1349,116.420971,39.92146,39,183,36
Beijing Longcheng Palace International Hotel,other urban areas,Changping Road 317,4.6,4.4,4.4,4.3,187,2002,business room,1345,116.309825,40.092441,0,0,0
Beijing Shunjing Hot Spring VIP Club,Chaoyang District,"No. 2 North Fourth Ring East Road, Chaoyang",4.4,4.3,4.3,4.2,183,2009,business room,1339,116.468192,39.979146,14,54,27
Beijing Zhaolong Hotel,Chaoyang District,No. 2 Chaoyang Gongti North Road,4.6,4.4,4.4,4.1,299,2013,Deluxe suite,1339,116.466576,39.938759,22,126,14
Somerset Zhongguancun Beijing,Haidian District,"No. 15, Haidian Middle Street, Haidian",4.6,4.6,4.5,4.4,146,2006,Deluxe suite,1324,116.316475,39.983226,100,124,147
The Kunlun Hotel Beijing,Chaoyang District,"No. 2 Xinyuan South Road, Chaoyang",4.7,4.7,4.7,4.6,334,2012,standard room,1322,116.466349,39.954277,40,140,8
Beijing New International Trade Hotel,Chaoyang District,"No. 1 Jianguomenwai Street, Chaoyang",4.5,4.4,4.3,4.1,11,2017,standard room,1319,116.464285,39.915168,114,209,14
Beijing Jingdu Xinyuan Hotel,Haidian District,"Beside the Lotus Bridge, No. 6 Shifang Courtyard, Haidian",4.6,4.5,4.5,4.4,211,2012,standard room,1312,116.318323,39.904338,11,76,13
Beijing Hotel NUO,Dongcheng Area,"No. 33 East Chang'an Street, Dongcheng District",4.8,4.7,4.5,4.4,289,2006,business room,1302,116.415846,39.915004,57,222,53
Legendary Hotel Beijing,Dongcheng Area,"No. 92, Jinbao Street, Dongcheng District",4.8,4.7,4.6,4.6,316,2008,standard room,1300,116.42509,39.921171,42,172,29
Beijing Marriott Hotel HNA Plaza,Chaoyang District,"No. 26, Xiaoyun Road, Chaoyang",4.6,4.5,4.5,4.4,179,2009,standard room,1296,116.473553,39.966138,14,41,4
Beijing Xiangshan Yihe Hotel,Haidian District,"No. 1 outside the East Gate of Hongqi, Haidianxiang (Xiangshan Road)",4.7,4.7,4.6,4.3,196,2014,standard room,1290,116.272334,40.012552,3,17,13
Beijing Kuntai Hotel,Chaoyang District,Chaoyang Wangjing Qiyang Road No. 2,4.6,4.5,4.3,4.3,154,2011,business room,1288,116.497705,40.012446,4,9,1
NUO Hotel Beijing,Chaoyang District,"No. 2, Jiangtai Road, Chaoyang",4.8,4.8,4.7,4.7,21,2015,standard room,1285,116.48728,39.982623,55,91,11
Beijing Gehua New Century Hotel,Chaoyang District,"No. 19, Gulouwai Street, North Third Ring Road, Chaoyang",4.7,4.7,4.7,4.6,265,2008,business room,1284,116.40085,39.971546,22,115,21
Beijing Jizhong Golden Bull Hotel,Haidian District,"Building 2, Yard 99, North Third Ring West Road, Haidian",4.7,4.6,4.5,4.4,86,2013,Deluxe suite,1280,116.315216,39.970115,54,137,126
Beijing Hanhua International Hotel,Dongcheng Area,"No. 26 West Binhe Road, Anwai District, Dongcheng District",4.6,4.5,4.4,4.4,313,2006,business room,1280,116.404352,39.956554,37,110,20
Beijing Hanhua International Hotel,Dongcheng Area,"No. 26 West Binhe Road, Anwai District, Dongcheng District",4.6,4.5,4.4,4.4,313,2006,business room,1280,116.404352,39.956554,37,110,20
Beijing Changbaishan International Hotel,Chaoyang District,"No. 25, Anyuan Beili, Chaoyang Asian Games Village",4.6,4.5,4.4,4.4,298,2013,business room,1279,116.416525,39.991338,35,116,30
Hunan Building,Dongcheng Area,"No. 9, Beijing Zhanqian Street, Dongcheng District",4.6,4.6,4.6,4.5,220,2011,Deluxe suite,1278,116.433072,39.913951,60,165,29
"No. 9 Dacheng Road, Beijing",other urban areas,"No. 9 Dacheng Road, Zhengchangzhuang, Fengtai",4.6,4.4,4.4,4.4,157,2007,Deluxe suite,1278,116.275409,39.896256,5,48,3
EAST Beijing,Chaoyang District,Chaoyang Jiuxianqiao Road No. 22,4.7,4.6,4.6,4.6,164,2012,business room,1277,116.498599,39.97477,49,42,5
Beijing Chaolin Songyuan Hotel,other urban areas,"No. 19, Ronghua Middle Road, Daxing Economic and Technological Development Zone",5,5,4.5,4.5,3,2016,standard room,1276,116.513291,39.798328,17,13,0
Beijing Millennium Hotel,Chaoyang District,"No. 7 East Third Ring Middle Road, Chaoyang",4.7,4.7,4.6,4.5,352,2008,business room,1269,116.467336,39.921546,52,137,31
Beijing Huashang Conference Center Hotel,other urban areas,"No. 70 Deshengmen West Street, Xicheng",4.8,4.8,4.7,4.7,19,2012,business room,1268,116.372658,39.951781,23,99,48
Beijing Ascott Raffles City Service Apartment,Dongcheng Area,"No. 1-2, Dongzhimen South Street, Dongcheng District",4.7,4.7,4.6,4.5,95,2009,standard room,1262,116.438995,39.945597,35,101,21
Beijing Oriental MGM International Hotel,other urban areas,"No. 2 Wenlin North Street, Fengtai",4.6,4.6,4.4,4.1,35,2015,Deluxe suite,1258,116.099392,39.81691,0,0,0
Beijing Kuntai Royal Hotel,Chaoyang District,"No. 12 Chaowai Street B, Chaoyang",4.6,4.6,4.5,4.5,308,2005,standard room,1249,116.448905,39.928885,77,244,21
Renaissance Beijing Jinmao Hotel,Dongcheng Area,"No. 57, Wangfujing Street, Dongcheng District",4.7,4.6,4.5,4.5,179,2014,standard room,1248,116.416871,39.927492,31,165,32
Oakwood Residence Beijing (formerly Oakwood Residence Beijing Greentown),Dongcheng Area,"No. 8, Dongzhimen Waixie Street, Dongcheng District",4.7,4.6,4.6,4.6,95,2010,standard room,1248,116.449381,39.95225,38,117,22
Sofitel Wanda Beijing,Chaoyang District,"Building C, Wanda Plaza, No. 93 Jianguo Road, Chaoyang",4.6,4.6,4.5,4.5,357,2007,standard room,1240,116.47686,39.91489,55,159,28
Gubei Light Hot Spring Resort Hotel Gubei Water Town,other urban areas,Miyun Gubei Water Town Scenic Area,4.8,4.8,4.7,4.6,37,2016,business room,1240,117.275221,40.651817,0,0,0
Shangri-La Hotel Beijing-Xingge,Haidian District,"No. 29, Zizhuyuan Road, Haidian District, Haidian (Northwest corner of the intersection of West Third Ring North Road and Zizhuyuan Road)",4.4,4.4,4.4,4.1,20,2007,standard room,1235,116.314655,39.950208,17,89,97
Shangri-La Hotel Beijing,Haidian District,"No. 29 Zizhuyuan Road, Haidian",4.7,4.6,4.6,4.5,322,2007,standard room,1229,116.314655,39.950208,17,89,97
Beijing Wanda Realm Hotel,other urban areas,"Building 1, No. 18, Shijingshan Road A, Shijingshan",4.6,4.5,4.4,4.4,286,2009,business room,1227,116.184556,39.938867,2,12,5
Gubei Water Town Hotel,other urban areas,"Simatai Village, Gubeikou Town, Miyun",4.8,4.7,4.7,4.6,333,2014,standard room,1226,117.275221,40.651817,0,0,0
Grand Mercure Beijing Oriental,Dongcheng Area,"No. 101, Jiaodaokou East Street, Dongcheng District",4.6,4.6,4.5,4.4,220,2014,business room,1214,116.417926,39.947562,21,139,24
Beijing Ambassador Hotel,other urban areas,"No. 9, Fuchengmenwai Street, Xicheng",4.4,4.4,4.4,4.2,367,2012,business room,1213,116.356282,39.930003,39,119,41
Beijing Capital Hotel,Dongcheng Area,"No. 3 Qianmen East Street, Dongcheng District",4.6,4.5,4.5,4.3,569,2007,standard room,1205,116.415452,39.90822,60,230,46
Beijing Zhongao Marco Polo Hotel,Chaoyang District,"No. 78, Anli Road, Chaoyang",4.5,4.5,4.4,4.4,327,2007,business room,1200,116.414805,40.011391,12,49,2
"Four Points by Sheraton Beijing, Haidian",Haidian District,"Block 1, No. 25, Yuanda Road, Haidian",4.6,4.5,4.5,4.5,202,2012,business room,1190,116.286658,39.964188,10,51,15
Beijing Empark Fragrant Hills Business Hotel,Haidian District,"No. 59, North Zhenghuang Banner, Haidian",4.7,4.6,4.5,4.4,259,2010,business room,1190,116.209876,39.997503,11,16,1
Grand Skylight CATIC Hotel Beijing,Chaoyang District,"No. 18, Beichen East Road, Chaoyang",4.6,4.5,4.5,4.3,254,2016,standard room,1186,116.406644,39.999278,22,125,17
Beijing Tangla Hotel,other urban areas,"No. 19 Fuxingmenwai Street, West Chang'an Street, Xicheng",4.6,4.6,4.5,4.5,427,2009,business room,1185,116.348828,39.913271,43,121,28
Beijing Yuantong Metropark Hotel,other urban areas,"No. 30 West Street, Ping'anli, Xicheng",4.6,4.6,4.5,4.5,379,2016,business room,1180,116.363198,39.937159,32,112,35
Grand Skylight International Hotel Beijing,other urban areas,"Building 10, China Aviation Technology Plaza, No. 15 Ronghua South Road, Daxing Yizhuang Economic and Technological Development Zone",4.7,4.7,4.6,4.5,1,2017,standard room,1179,116.524387,39.78577,0,0,0
Beijing Beida Boya International Hotel,Haidian District,"No. 127, Zhongguancun North Street, Haidian",4.6,4.5,4.5,4.4,271,2014,standard room,1178,116.321244,40.00377,6,23,92
Rathin Hotel Beijing Bohao,Chaoyang District,Chaoyang Guanghua Road No. 15,4.6,4.6,4.5,4.5,309,2008,standard room,1178,116.477293,39.919861,30,139,36
Beijing Hilton Hotel,Chaoyang District,"No. 1, Dongfang Road, East Third Ring North Road, Chaoyang",4.6,4.5,4.5,4.3,323,2008,standard room,1177,116.468642,39.95857,33,99,6
Beijing Qianmen Royal Inn,Dongcheng Area,"No. 87, Xianyukou Street, Qianmen Commercial District, Dongcheng District",4.5,4.5,4.5,4.2,168,2014,Deluxe suite,1176,116.406054,39.90311,42,226,81
Crowne Plaza Beijing International Art Garden,Dongcheng Area,"No. 48, Wangfujing Street, Dongcheng District",4.6,4.4,4.4,4.1,334,2006,standard room,1176,116.417705,39.925384,29,196,31
Beijing Fengda International Hotel,other urban areas,"No. 20, Ronghua Middle Road, Daxing Economic and Technological Development Zone",4.6,4.5,4.5,4.4,335,2011,business room,1176,116.515249,39.802019,26,26,0
Beijing Millennium Hotel,Chaoyang District,"No. 7 East Third Ring Middle Road, Chaoyang",4.7,4.7,4.6,4.5,352,2008,standard room,1172,116.467336,39.921546,52,137,31
Renaissance Beijing Capital Hotel,Chaoyang District,"No. 61, Middle East Third Ring Road, Chaoyang",4.7,4.7,4.6,4.6,355,2008,standard room,1156,116.467319,39.903619,95,195,8
Beijing Ziyu Resort Hotel,Chaoyang District,"No. 1 Ziyu East Road, Chaoyang",4.7,4.4,4.3,4.1,117,2007,standard room,1149,116.41467,40.01734,3,20,4
Beijing International Hotel,Dongcheng Area,"No. 9, Jianguomen Inner Street, Dongcheng District",4.6,4.5,4.4,4.1,419,2012,business room,1148,116.434851,39.915467,70,188,22
Crowne Plaza Beijing Lido,Chaoyang District,"No. 6 Jiangtai Road, Chaoyang",4.7,4.7,4.6,4.5,181,2014,standard room,1142,116.485851,39.982948,51,94,12
Beijing Jinlin Hotel,Dongcheng Area,"No. 18 East Street, Zhushikou, Dongcheng",4.5,4.4,4.3,4.2,235,2013,business room,1140,116.407681,39.896713,19,137,33
Beijing Regent Hotel,Dongcheng Area,"No. 99, Jinbao Street, Dongcheng District",4.8,4.7,4.6,4.6,415,2006,standard room,1137,116.42523,39.921888,40,174,27
Beijing Changyu Afeibao International Winery (European Town Resort Hotel),other urban areas,"Dongbaiyan, Jugezhuang Town, Miyun",4.4,4.2,4.1,3.9,184,2009,Deluxe suite,1132,116.904586,40.380076,0,0,0
Beijing Overseas Chinese Building,Dongcheng Area,"No. 2, Wangfujing Street, Dongcheng District",4.5,4.5,4.4,4.3,338,2012,business room,1127,116.41776,39.929871,26,161,26
EAST Beijing,Chaoyang District,Chaoyang Jiuxianqiao Road No. 22,4.7,4.6,4.6,4.6,164,2012,standard room,1127,116.498599,39.97477,49,42,5
Crowne Plaza Beijing New Yunnan,Chaoyang District,"Yunnan Building, Northeast Corner of Sun Palace Bridge, Xiba River, Northeast Third Ring Road, Chaoyang",4.7,4.6,4.6,4.6,275,2008,standard room,1126,116.441221,39.978329,11,49,16
Beijing Ritan International Hotel,Chaoyang District,"No. 17 Ritan North Road, Chaoyang (check-in on the 5th floor)",4.5,4.5,4.4,4.4,246,2008,Deluxe suite,1121,116.449591,39.925633,82,255,19
Beijing Yuyang Hotel,Chaoyang District,"No. 18, Xinyuan Xili Middle Street, Chaoyang",4.3,4.3,4.3,4.1,247,2008,Deluxe suite,1119,116.454695,39.951622,49,142,15
Chang'an Hotel (Shaanxi Building),Chaoyang District,"No. 27 Huawei Lane, Chaoyang",4.3,4.2,4.2,3.9,256,2008,Deluxe suite,1119,116.465118,39.877308,16,118,13
Beijing Lijingwan International Hotel,Chaoyang District,"No. 28, Shilibao Beili, East Fourth Ring Road, Chaoyang",4.5,4.4,4.4,4.2,231,2008,standard room,1108,116.508851,39.927086,9,68,7
"Langham Place, Beijing Capital Airport",other urban areas,"No. 1, Erjing Road, Terminal 3, Shunyi Capital Airport",4.7,4.6,4.6,4.6,270,2010,standard room,1108,116.619075,40.054541,0,0,0
Beijing Haoyuan Jianguo Hotel,Dongcheng Area,"No. 17, Jianguomen Inner Street, Dongcheng District",4.6,4.5,4.4,4.1,277,2006,business room,1107,116.42984,39.915605,52,144,28
Crowne Plaza Beijing International Airport,other urban areas,"No. 60, Fuqian First Street, Tianzhu District, Capital Airport, Shunyi",4.5,4.4,4.4,4.3,238,2008,standard room,1107,116.564393,40.070228,0,0,0
Hotel Nikko New Century Beijing,Haidian District,"No. 6, Head South Road, Haidian",4.4,4.4,4.4,4.2,507,2013,business room,1100,116.334416,39.943255,20,63,50
Beijing Friendship Hotel VIP Building,Haidian District,"No. 1 Zhongguancun South Street, Haidian",4.7,4.6,4.5,4.4,19,2007,business room,1096,116.328012,39.969885,56,103,52
Pullman Beijing Xingji Hotel,other urban areas,"No. 12 Ronghua South Road, Daxing Economic and Technological Development Zone",4.4,4.3,4.3,4.3,229,2008,business room,1089,116.522453,39.79302,5,0,0
Star River Hotel Beijing,Chaoyang District,Chaoyang Four Seasons Xinghe Road No. 6,4.5,4.5,4.2,4.2,125,2015,Deluxe suite,1088,116.53279,39.932513,8,21,8
Beijing Guoerzhao Hotel (East Building),other urban areas,"No. 6, Xizhimen South Street, Xicheng (South Gate)",4.6,4.6,4.6,4.5,173,2015,business room,1087,116.363278,39.944267,33,115,30
Beijing Air China Boyue Hotel,Chaoyang District,"No. 36 Xiaoyun Road, Chaoyang",4.5,4.5,4.4,4.3,281,2003,business room,1086,116.469833,39.962404,23,55,3
DoubleTree by Hilton Beijing,other urban areas,"No. 168, Guang'anmenwai Street, Xicheng",4.5,4.5,4.4,4.4,412,2013,standard room,1080,116.347075,39.894482,10,100,19
Beijing Hotel NUO,Dongcheng Area,"No. 33 East Chang'an Street, Dongcheng District",4.8,4.7,4.5,4.4,289,2006,standard room,1079,116.415846,39.915004,57,222,53
Beijing Changan Baiyun Hotel,other urban areas,"No. 7 Baiyunguan Street, West City",4.4,4.2,4.1,4,75,2014,Deluxe suite,1079,116.351566,39.905303,32,131,25
Beijing Wenjin International Hotel,Haidian District,Haidian Tsinghua Science and Technology Park,4.6,4.5,4.3,4.3,243,2007,business room,1078,116.337403,40.000411,29,68,103
Beijing Celebrity International Hotel,Chaoyang District,"No. 99, Anli Road, Chaoyang",4.5,4.5,4.4,4.4,250,2013,standard room,1078,116.413616,40.002401,24,102,12
Beijing Taishan Hotel,Haidian District,"No. 8 Anning Beili, Xisanqi, Haidian",4.7,4.6,4.6,4.3,235,2011,Deluxe suite,1072,116.335863,40.055378,2,4,5
Beijing Hotel,Dongcheng Area,"No. 33 East Chang'an Street, Dongcheng District",4.7,4.3,4.2,4,541,2008,standard room,1070,116.415846,39.915004,57,222,53
Beijing Yitian Yingren Garden Hotel,other urban areas,"No. 122, Huaigeng Road, Yangsong Town, Huairou (East side of China Film Base)",4.6,4.6,4.5,4.4,208,2012,business room,1070,116.682415,40.296621,0,0,0
Beijing Tylfull Hotel,Haidian District,"Building 1, Yard 1, Xitucheng Road, Haidian",4.8,4.7,4.7,4.6,7,2016,standard room,1069,116.359671,39.979747,18,85,93
"No. 9 Dacheng Road, Beijing",other urban areas,"No. 9 Dacheng Road, Zhengchangzhuang, Fengtai",4.6,4.4,4.4,4.4,157,2007,business room,1069,116.275409,39.896256,5,48,3
Beijing Jingguang Center Hotel Apartment,Chaoyang District,"Hujia Building, Jingguang Center, No. 1 Chaoyangmenwai Street, Chaoyang",4.6,4.4,4.4,4.2,12,2006,business room,1068,116.454807,39.929431,72,229,20
Holiday Inn Beijing Shijingshan Parkview,other urban areas,"No. 555, Tiancun Road, Shijingshan",4.6,4.4,4.3,4.1,136,2012,Deluxe suite,1068,116.221697,39.944104,2,4,5
Beijing West International Trade Hotel,other urban areas,Fengtai Fengguan Road No. 16,4.6,4.4,4.4,4.2,217,2008,business room,1066,116.316937,39.861806,10,39,4
Beijing Reality Hotel (Vision International Cultural Exchange Center),Haidian District,"No. 39 Xueyuan Road, Haidian",4.7,4.6,4.6,4.6,301,2014,Deluxe suite,1059,116.359849,39.984635,12,88,113
Beijing Empark Grand Hotel,Haidian District,"No. 69, Banjing Road, Haidian",4.6,4.6,4.5,4.4,309,2009,business room,1058,116.287214,39.959426,11,58,14
Grand Mercure Beijing Oriental,Dongcheng Area,"No. 101, Jiaodaokou East Street, Dongcheng District",4.6,4.6,4.5,4.4,220,2014,standard room,1056,116.417926,39.947562,21,139,24
Beijing Qianmen Royal Inn,Dongcheng Area,"No. 87, Xianyukou Street, Qianmen Commercial District, Dongcheng District",4.5,4.5,4.5,4.2,168,2014,business room,1054,116.406054,39.90311,42,226,81
Beijing Marriott Hotel,Dongcheng Area,"No. 7 Jianguomen South Street, Dongcheng District",4.6,4.4,4.4,4.4,261,2015,standard room,1051,116.441013,39.910427,61,134,15
Beijing Nangong Hotspring Resort Hotel,other urban areas,"No. 39, Fugong Road, Wangzuo Town, Fengtai",4.3,4.2,4.1,4.1,159,2008,business room,1050,116.160385,39.811382,0,0,0
Beijing Asia Hotel,Dongcheng Area,"No. 8, Xinzhong West Street, Gongti North Road, Dongcheng District",4.5,4.5,4.5,4.3,234,2013,business room,1049,116.445164,39.938781,56,181,23
Beijing Zhongjian Yanqi Lakeview Hotel,other urban areas,"No. 1 Yanxiu Road, Yanqi Lake, Huairou",4.7,4.5,4.5,4.4,104,2014,business room,1049,116.688061,40.409505,0,0,0
Beijing Huashang Conference Center Hotel,other urban areas,"No. 70 Deshengmen West Street, Xicheng",4.8,4.8,4.7,4.7,19,2012,standard room,1046,116.372658,39.951781,23,99,48
Beijing Sunworld Dynasty Hotel,Dongcheng Area,"No. 50, Wangfujing Street, Dongcheng District",4.7,4.6,4.5,4.4,452,2008,standard room,1045,116.418112,39.924514,33,214,31
Beijing Shijingshan HNA Hotel,other urban areas,"No. 11, Shijingshan Stadium South Road",3.9,3.8,3.8,3.7,170,2008,Deluxe suite,1042,116.206271,39.912487,8,48,11
Beijing Yosemite Business Hotel,other urban areas,"No. 4 Yuyang Road, Houshayu Town, Shunyi",4.3,4.3,4.3,4.2,94,2008,Deluxe suite,1042,116.527758,40.084188,0,0,0
Beijing Jizhong Golden Bull Hotel,Haidian District,"Building 2, Yard 99, North Third Ring West Road, Haidian",4.7,4.6,4.5,4.4,86,2013,business room,1039,116.315216,39.970115,54,137,126
Beijing Wanda Realm Hotel,other urban areas,"Building 1, No. 18, Shijingshan Road A, Shijingshan",4.6,4.5,4.4,4.4,286,2009,standard room,1039,116.184556,39.938867,2,12,5
Beijing Longcheng Palace International Hotel,other urban areas,Changping Road 317,4.6,4.4,4.4,4.3,187,2002,standard room,1029,116.309825,40.092441,0,0,0
Ramada Beijing Longcheng Hotel,other urban areas,"No. 319, Changping Road, Changping",4.5,4.4,4.4,4.2,120,2011,Deluxe suite,1029,116.310776,40.090265,0,0,0
Beijing Diaoyutai Hotel,Haidian District,"No. 49, Sanlihe Road, Haidian",4.7,4.7,4.5,4.5,80,1997,business room,1026,116.282374,39.957178,17,66,15
Kempinski Hotel Beijing Lufthansa Center,Chaoyang District,"No. 50 Liangmaqiao Road, Chaoyang",4.7,4.5,4.5,4.2,268,2014,standard room,1026,116.472064,39.955494,29,82,10
"Four Points by Sheraton Beijing, Haidian",Haidian District,"Block 1, No. 25, Yuanda Road, Haidian",4.6,4.5,4.5,4.5,202,2012,standard room,1024,116.286658,39.964188,10,51,15
Holiday Inn Resort Beijing Brilliant,other urban areas,"No. 66, Gulong Road, Zhangshanying Town, Yanqing",4.7,4.5,4.5,4.4,182,2013,business room,1021,115.820753,40.481362,0,0,0
Beijing Ruihaimu Pastoral Resort,other urban areas,"No. 2 West Bridge Road, Miyun",4.3,4.2,4.1,3.9,195,2007,business room,1016,116.840183,40.373798,0,0,0
Beijing Pengrun International Hotel,Chaoyang District,"No. 26 Xiaoyun Road, Chaoyang",4.6,4.5,4.4,4.4,334,2011,business room,1015,116.473088,39.964761,13,40,5
China National Convention Center Hotel,Chaoyang District,"Building 1, Courtyard No. 8, Beichen West Road, Chaoyang",4.7,4.6,4.6,4.5,302,2009,business room,1004,116.394458,40.007898,8,26,6
Beijing Qianyuan Hotel,Dongcheng Area,"No. 19, Dongzhimen Inner Street, Dongcheng District",4.7,4.6,4.6,4.6,412,2014,business room,1002,116.431857,39.94745,31,116,24
Gubei Light Hot Spring Resort Hotel Gubei Water Town,other urban areas,Miyun Gubei Water Town Scenic Area,4.8,4.8,4.7,4.6,37,2016,standard room,1000,117.275221,40.651817,0,0,0
Ramada Beijing Longcheng Hotel,other urban areas,"No. 319, Changping Road, Changping",4.5,4.4,4.4,4.2,120,2011,business room,998,116.310776,40.090265,0,0,0
Beijing Zhongle Six Star Hotel,other urban areas,"No. 4, District 3, Fangzhuang Fangqun Garden, Fengtai",4.5,4.4,4.4,4.3,187,2014,business room,993,116.43145,39.867053,10,100,13
Beijing Palace International Hotel,Chaoyang District,Chaoyang Shifoying Dongli No. 155,4.5,4.5,4.3,4.3,147,2010,Deluxe suite,993,116.514713,39.93883,7,38,1
Beijing Gehua New Century Hotel,Chaoyang District,"No. 19, Gulouwai Street, North Third Ring Road, Chaoyang",4.7,4.7,4.7,4.6,265,2008,standard room,990,116.40085,39.971546,22,115,21
Pullman Beijing Xingji Hotel,other urban areas,"No. 12 Ronghua South Road, Daxing Economic and Technological Development Zone",4.4,4.3,4.3,4.3,229,2008,standard room,990,116.522453,39.79302,5,0,0
Beijing Great Wall Hotel,Chaoyang District,"No. 10, North East Third Ring Road, Chaoyang",4.4,4.3,4.1,3.8,321,2007,business room,986,116.469675,39.950621,35,121,8
Beijing Jingrui Hot Spring International Hotel,Chaoyang District,"No. 17, South East Third Ring Road, Chaoyang",4.4,4.3,4.3,4.1,263,2016,business room,983,116.466809,39.875407,14,100,20
Beijing Metropark International Conference Center (formerly Longxi Hot Spring Resort Hotel),other urban areas,"Building 7, Yard 55, Daxing Longhua Street",4.8,4.7,4.6,4.4,8,2016,business room,983,116.306922,39.639004,0,0,0
Beijing Kuntai Hotel,Chaoyang District,Chaoyang Wangjing Qiyang Road No. 2,4.6,4.5,4.3,4.3,154,2011,standard room,979,116.497705,40.012446,4,9,1
Beijing Xinhai Jinjiang Hotel,Dongcheng Area,"No. 61, Jinbao Street, Dongcheng District",4.6,4.6,4.6,4.5,202,2005,business room,974,116.432158,39.921859,52,131,29
Beijing Sinopec Conference Center,other urban areas,"No. 21, Changping Reservoir Road",4.6,4.4,4.2,4.2,102,2015,Deluxe suite,971,116.269627,40.249937,0,0,0
Swissotel Beijing Hong Kong Macau Center,Dongcheng Area,"No. 2 Chaoyangmen North Street, Dongcheng District",4.6,4.4,4.4,4.1,357,2008,business room,965,116.442025,39.938834,50,156,22
Beijing Qianmen Royal Inn,Dongcheng Area,"No. 87, Xianyukou Street, Qianmen Commercial District, Dongcheng District",4.5,4.5,4.5,4.2,168,2014,standard room,962,116.406054,39.90311,42,226,81
Beijing Palace International Hotel,Chaoyang District,Chaoyang Shifoying Dongli No. 155,4.5,4.5,4.3,4.3,147,2010,business room,953,116.514713,39.93883,7,38,1
Beijing Changfu Palace Hotel,Chaoyang District,"No. 26 Jianguomenwai Street, Chaoyang",4.7,4.6,4.6,4.5,371,2013,standard room,952,116.444431,39.913547,87,209,17
Beijing Olympic Village Garden Hotel,Chaoyang District,"Building A, No. 1 Yard, Lincui East Road, Chaoyang",4.6,4.5,4.4,4.3,109,2010,business room,945,116.387102,40.015088,0,2,1
Beijing Riverside Hotel,other urban areas,"No. 15, Fengtai Shooting Range Road",4.7,4.6,4.6,4.4,149,2013,business room,943,116.176544,39.88232,0,0,0
Hunan Building,Dongcheng Area,"No. 9, Beijing Zhanqian Street, Dongcheng District",4.6,4.6,4.6,4.5,220,2011,business room,940,116.433072,39.913951,60,165,29
CITIC Jinling Hotel (Beijing),other urban areas,"Peach Blossom Festival, No. 1 Xiyujia, Dahuashan Town, Pinggu",4.7,4.6,4.5,4.5,185,2012,business room,925,117.093084,40.327858,0,0,0
Beijing Wenjin International Hotel,Haidian District,Haidian Tsinghua Science and Technology Park,4.6,4.5,4.3,4.3,243,2007,standard room,923,116.337403,40.000411,29,68,103
Beijing Zhongjian Yanqi Lakeview Hotel,other urban areas,"No. 1 Yanxiu Road, Yanqi Lake, Huairou",4.7,4.5,4.5,4.4,104,2014,standard room,921,116.688061,40.409505,0,0,0
Beijing Dongsheng Gloria Hotel,Haidian District,"C-6, Zhongguancun Dongsheng Science and Technology Park, No. 66 Xixiaokou Road, Haidian",4.7,4.6,4.6,4.5,130,2016,standard room,913,116.367775,40.044544,0,2,2
Beijing Fengda International Hotel,other urban areas,"No. 20, Ronghua Middle Road, Daxing Economic and Technological Development Zone",4.6,4.5,4.5,4.4,335,2011,standard room,913,116.515249,39.802019,26,26,0
Beijing Ritan International Hotel,Chaoyang District,"No. 17 Ritan North Road, Chaoyang (check-in on the 5th floor)",4.5,4.5,4.4,4.4,246,2008,business room,909,116.449591,39.925633,82,255,19
Beijing Oriental MGM International Hotel,other urban areas,"No. 2 Wenlin North Street, Fengtai",4.6,4.6,4.4,4.1,35,2015,business room,908,116.099392,39.81691,0,0,0
"Aloft Beijing, Haidian",Haidian District,"Block B, No. 25, Yuanda Road, Haidian",4.6,4.5,4.5,4.4,167,2008,Deluxe suite,903,116.286168,39.963768,10,47,15
Beijing Yuantong Metropark Hotel,other urban areas,"No. 30 West Street, Ping'anli, Xicheng",4.6,4.6,4.5,4.5,379,2016,standard room,895,116.363198,39.937159,32,112,35
Beijing Overseas Chinese Building,Dongcheng Area,"No. 2, Wangfujing Street, Dongcheng District",4.5,4.5,4.4,4.3,338,2012,standard room,893,116.41776,39.929871,26,161,26
Beijing Ambassador Hotel,other urban areas,"No. 9, Fuchengmenwai Street, Xicheng",4.4,4.4,4.4,4.2,367,2012,standard room,888,116.356282,39.930003,39,119,41
Beijing Shunjing Hot Spring VIP Club,Chaoyang District,"No. 2 North Fourth Ring East Road, Chaoyang",4.4,4.3,4.3,4.2,183,2009,standard room,884,116.468192,39.979146,14,54,27
Beijing Changan Baiyun Hotel,other urban areas,"No. 7 Baiyunguan Street, West City",4.4,4.2,4.1,4,75,2014,business room,883,116.351566,39.905303,32,131,25
Beijing Longwan International Camping Park,other urban areas,"200 meters south of Donglongwan Village, Jiuxian Town, Yanqing",4.7,4.5,4.3,4.3,120,2014,Deluxe suite,878,116.093857,40.556283,0,0,0
Beijing Wanshi Celebrity Hotel,Chaoyang District,"Beiyuan Middle Street, 300 meters north of Gujiazhuang Bridge, Beiyuan East Road, Chaoyang",4.6,4.5,4.4,4.2,79,2014,business room,874,116.446592,40.034562,4,4,0
Beijing Haoyuan Jianguo Hotel,Dongcheng Area,"No. 17, Jianguomen Inner Street, Dongcheng District",4.6,4.5,4.4,4.1,277,2006,standard room,873,116.42984,39.915605,52,144,28
Beijing Shijingshan HNA Hotel,other urban areas,"No. 11, Shijingshan Stadium South Road",3.9,3.8,3.8,3.7,170,2008,business room,871,116.206271,39.912487,8,48,11
Beijing Yosemite Business Hotel,other urban areas,"No. 4 Yuyang Road, Houshayu Town, Shunyi",4.3,4.3,4.3,4.2,94,2008,business room,871,116.527758,40.084188,0,0,0
Swissotel Beijing Hong Kong Macau Center,Dongcheng Area,"No. 2 Chaoyangmen North Street, Dongcheng District",4.6,4.4,4.4,4.1,357,2008,standard room,864,116.442025,39.938834,50,156,22
Beijing Zhaolong Hotel,Chaoyang District,No. 2 Chaoyang Gongti North Road,4.6,4.4,4.4,4.1,299,2013,business room,863,116.466576,39.938759,22,126,14
Hunan Building,Dongcheng Area,"No. 9, Beijing Zhanqian Street, Dongcheng District",4.6,4.6,4.6,4.5,220,2011,standard room,846,116.433072,39.913951,60,165,29
Beijing Tangla Hotel,other urban areas,"No. 19 Fuxingmenwai Street, West Chang'an Street, Xicheng",4.6,4.6,4.5,4.5,427,2009,standard room,846,116.348828,39.913271,43,121,28
Beijing Asia Hotel,Dongcheng Area,"No. 8, Xinzhong West Street, Gongti North Road, Dongcheng District",4.5,4.5,4.5,4.3,234,2013,standard room,846,116.445164,39.938781,56,181,23
Beijing International Hotel,Dongcheng Area,"No. 9, Jianguomen Inner Street, Dongcheng District",4.6,4.5,4.4,4.1,419,2012,standard room,846,116.434851,39.915467,70,188,22
Beijing Baifuyi Hotel,Chaoyang District,"No. 19 South Erlizhuang, Dongzhimenwai Street, Chaoyang",4.6,4.5,4.5,4.5,298,2013,business room,846,116.450464,39.948819,36,113,22
Beijing Yulong International Hotel,Haidian District,"No. 40, Fucheng Road, Haidian",4.6,4.5,4.5,4.5,313,2008,business room,841,116.305095,39.929569,20,87,56
Beijing Yuyang Hotel,Chaoyang District,"No. 18, Xinyuan Xili Middle Street, Chaoyang",4.3,4.3,4.3,4.1,247,2008,business room,841,116.454695,39.951622,49,142,15
Beijing Hyde Hot Spring Hotel,Chaoyang District,"No. 1 Xili, Qingnian Road, Chaoyang",4.3,4.2,4.1,4.1,100,2014,business room,841,116.522665,39.941712,11,39,5
"Aloft Beijing, Haidian",Haidian District,"Block B, No. 25, Yuanda Road, Haidian",4.6,4.5,4.5,4.4,167,2008,business room,837,116.286168,39.963768,10,47,15
Apartment Living Apartment (Beijing Xiaoyunli No. 8 Store) (formerly Apartment Living Apartment No. 8 Xiaoyunli),Chaoyang District,Chaoyang Xiaoyunli No. 8,4.3,4.2,4.1,4,198,2016,Deluxe suite,835,116.47129,39.968412,10,47,5
Beijing Jizhong Golden Bull Hotel,Haidian District,"Building 2, Yard 99, North Third Ring West Road, Haidian",4.7,4.6,4.5,4.4,86,2013,standard room,834,116.315216,39.970115,54,137,126
Beijing Ritan Hotel,Chaoyang District,"No. 1, Ritan Road, Chaoyang",4.6,4.6,4.5,4.5,214,2012,business room,833,116.447479,39.922603,83,229,24
Chang'an Hotel (Shaanxi Building),Chaoyang District,"No. 27 Huawei Lane, Chaoyang",4.3,4.2,4.2,3.9,256,2008,business room,833,116.465118,39.877308,16,118,13
Beijing Renwei Hotel,Chaoyang District,Chaoyang Panjiayuan South Lane No. 19,4.6,4.5,4.5,4.5,281,2006,business room,831,116.451854,39.881216,14,109,20
Ramada Beijing Longcheng Hotel,other urban areas,"No. 319, Changping Road, Changping",4.5,4.4,4.4,4.2,120,2011,standard room,824,116.310776,40.090265,0,0,0
Star River Hotel Beijing,Chaoyang District,Chaoyang Four Seasons Xinghe Road No. 6,4.5,4.5,4.2,4.2,125,2015,standard room,809,116.53279,39.932513,8,21,8
Holiday Inn Resort Beijing Brilliant,other urban areas,"No. 66, Gulong Road, Zhangshanying Town, Yanqing",4.7,4.5,4.5,4.4,182,2013,standard room,809,115.820753,40.481362,0,0,0
Beijing Reality Hotel (Vision International Cultural Exchange Center),Haidian District,"No. 39 Xueyuan Road, Haidian",4.7,4.6,4.6,4.6,301,2014,business room,804,116.359849,39.984635,12,88,113
Beijing Taishan Hotel,Haidian District,"No. 8 Anning Beili, Xisanqi, Haidian",4.7,4.6,4.6,4.3,235,2011,business room,804,116.335863,40.055378,2,4,5
Beijing Empark Fragrant Hills Business Hotel,Haidian District,"No. 59, North Zhenghuang Banner, Haidian",4.7,4.6,4.5,4.4,259,2010,standard room,795,116.209876,39.997503,11,16,1
Apartment Living Apartment (Beijing Xiaoyunli No. 8 Store) (formerly Apartment Living Apartment No. 8 Xiaoyunli),Chaoyang District,Chaoyang Xiaoyunli No. 8,4.3,4.2,4.1,4,198,2016,business room,792,116.40085,39.971546,22,115,21
Star River Hotel Beijing,Chaoyang District,Chaoyang Four Seasons Xinghe Road No. 6,4.5,4.5,4.2,4.2,125,2015,business room,789,116.53279,39.932513,8,21,8
Beijing Zhongao Marco Polo Hotel,Chaoyang District,"No. 78, Anli Road, Chaoyang",4.5,4.5,4.4,4.4,327,2007,standard room,787,116.414805,40.011391,12,49,2
Beijing Hanhua International Hotel,Dongcheng Area,"No. 26 West Binhe Road, Anwai District, Dongcheng District",4.6,4.5,4.4,4.4,313,2006,standard room,786,116.404352,39.956554,37,110,20
Beijing Friendship Hotel VIP Building,Haidian District,"No. 1 Zhongguancun South Street, Haidian",4.7,4.6,4.5,4.4,19,2007,standard room,784,116.328012,39.969885,56,103,52
Beijing Hanhua International Hotel,Dongcheng Area,"No. 26 West Binhe Road, Anwai District, Dongcheng District",4.6,4.5,4.4,4.4,313,2006,standard room,784,116.404352,39.956554,37,110,20
Somerset Zhongguancun Beijing,Haidian District,"No. 15, Haidian Middle Street, Haidian",4.6,4.6,4.5,4.4,146,2006,business room,778,116.316475,39.983226,100,124,147
Beijing International Hot Spring Hotel,Haidian District,"No. 1 West Fontainelysee Road, Haidian",4,3.8,3.7,3.6,90,2015,Deluxe suite,778,116.363006,40.072318,0,0,0
CITIC Jinling Hotel (Beijing),other urban areas,"Peach Blossom Festival, No. 1 Xiyujia, Dahuashan Town, Pinggu",4.7,4.6,4.5,4.5,185,2012,standard room,775,117.093084,40.327858,0,0,0
Beijing Yangfang Victory Hotel,other urban areas,"No. 10, Zhongxin Street, Yangfang Town, Changping",4.4,4.4,4.4,4.1,20,2015,Deluxe suite,770,116.150393,40.150278,0,0,0
Holiday Inn Beijing Shijingshan Parkview,other urban areas,"No. 555, Tiancun Road, Shijingshan",4.6,4.4,4.3,4.1,136,2012,business room,768,116.221697,39.944104,2,4,5
Beijing Liaoning Building,Haidian District,"No. 2, West Road, North Fourth Ring Road, Haidian",4.6,4.5,4.5,4.4,313,2015,business room,766,116.343697,39.990957,21,78,160
Beijing Sinopec Conference Center,other urban areas,"No. 21, Changping Reservoir Road",4.6,4.4,4.2,4.2,102,2015,business room,765,116.269627,40.249937,0,0,0
Beijing Changyu Afeibao International Winery (European Town Resort Hotel),other urban areas,"Dongbaiyan, Jugezhuang Town, Miyun",4.4,4.2,4.1,3.9,184,2009,business room,761,116.904586,40.380076,0,0,0
Beijing Schonbrunn Hotel,Haidian District,"No. 125, North West Fourth Ring Road, Haidian",4.4,4.3,4.3,4.2,258,2008,Deluxe suite,755,116.279381,39.943661,7,41,8
Beijing Heyuanjingyi Hotel,other urban areas,"District 2, Courtyard No. 57, Bianhe Road, Houshayu Town, Shunyi",4.6,4.4,4.3,4.2,135,2008,standard room,755,116.492409,40.089266,0,0,0
Beijing Yuyang Hotel,Chaoyang District,"No. 18, Xinyuan Xili Middle Street, Chaoyang",4.3,4.3,4.3,4.1,247,2008,standard room,754,116.454695,39.951622,49,142,15
Beijing Great Wall Hotel,Chaoyang District,"No. 10, North East Third Ring Road, Chaoyang",4.4,4.3,4.1,3.8,321,2007,standard room,754,116.469675,39.950621,35,121,8
Beijing Pengrun International Hotel,Chaoyang District,"No. 26 Xiaoyun Road, Chaoyang",4.6,4.5,4.4,4.4,334,2011,standard room,754,116.473088,39.964761,13,40,5
Beijing Jinlin Hotel,Dongcheng Area,"No. 18 East Street, Zhushikou, Dongcheng",4.5,4.4,4.3,4.2,235,2013,standard room,752,116.407681,39.896713,19,137,33
Beijing Xiyuan Hotel,Haidian District,"No. 1, Sanlihe Road, Haidian",4.5,4.4,4.4,4.1,484,2013,business room,752,116.282374,39.957178,17,66,15
Beijing Qianyuan Hotel,Dongcheng Area,"No. 19, Dongzhimen Inner Street, Dongcheng District",4.7,4.6,4.6,4.6,412,2014,standard room,750,116.431857,39.94745,31,116,24
Beijing Xiadu Conference Center,other urban areas,"No. 22, Hunan West Road, Yanqing",4.3,4,3.9,3.7,155,2002,business room,750,115.974044,40.455965,0,0,0
Beijing Baifuyi Hotel,Chaoyang District,"No. 19 South Erlizhuang, Dongzhimenwai Street, Chaoyang",4.6,4.5,4.5,4.5,298,2013,standard room,734,116.450464,39.948819,36,113,22
Beijing West International Trade Hotel,other urban areas,Fengtai Fengguan Road No. 16,4.6,4.4,4.4,4.2,217,2008,standard room,725,116.316937,39.861806,10,39,4
"Aloft Beijing, Haidian",Haidian District,"Block B, No. 25, Yuanda Road, Haidian",4.6,4.5,4.5,4.4,167,2008,standard room,722,116.286168,39.963768,10,47,15
Beijing Air China Boyue Hotel,Chaoyang District,"No. 36 Xiaoyun Road, Chaoyang",4.5,4.5,4.4,4.3,281,2003,standard room,722,116.469833,39.962404,23,55,3
Beijing Changbaishan International Hotel,Chaoyang District,"No. 25, Anyuan Beili, Chaoyang Asian Games Village",4.6,4.5,4.4,4.4,298,2013,standard room,714,116.416525,39.991338,35,116,30
Beijing Zhaolong Hotel,Chaoyang District,No. 2 Chaoyang Gongti North Road,4.6,4.4,4.4,4.1,299,2013,standard room,714,116.466576,39.938759,22,126,14
Beijing Jiuhua Villa VIP Building Hotel,other urban areas,"1000 meters east of Mafang Bridge, Xiaotangshan, Changping",4.2,4.2,4.1,4.1,171,2009,business room,705,116.394718,40.164945,0,0,0
Beijing Metropark International Conference Center (formerly Longxi Hot Spring Resort Hotel),other urban areas,"Building 7, Yard 55, Daxing Longhua Street",4.8,4.7,4.6,4.4,8,2016,standard room,705,116.306922,39.639004,0,0,0
Beijing Ritan Hotel,Chaoyang District,"No. 1, Ritan Road, Chaoyang",4.6,4.6,4.5,4.5,214,2012,standard room,701,116.447479,39.922603,83,229,24
Beijing Huabei Hotel,other urban areas,"No. 1, Badachu Road, Shijingshan",4.3,4,4,4,79,2012,Deluxe suite,700,116.204796,39.953751,0,10,3
China National Convention Center Hotel,Chaoyang District,"Building 1, Courtyard No. 8, Beichen West Road, Chaoyang",4.7,4.6,4.6,4.5,302,2009,standard room,698,116.394458,40.007898,8,26,6
Beijing Tiantai Hotel,other urban areas,"No. 1 Toutiao, South Lishi Road, Xicheng",4.6,4.6,4.5,4.4,204,2012,standard room,697,116.357252,39.915361,58,166,34
Beijing Xinhai Jinjiang Hotel,Dongcheng Area,"No. 61, Jinbao Street, Dongcheng District",4.6,4.6,4.6,4.5,202,2005,standard room,694,116.432158,39.921859,52,131,29
Beijing Empark Grand Hotel,Haidian District,"No. 69, Banjing Road, Haidian",4.6,4.6,4.5,4.4,309,2009,standard room,694,116.287214,39.959426,11,58,14
Beijing Reality Hotel (Vision International Cultural Exchange Center),Haidian District,"No. 39 Xueyuan Road, Haidian",4.7,4.6,4.6,4.6,301,2014,standard room,687,116.359849,39.984635,12,88,113
Beijing Ritan International Hotel,Chaoyang District,"No. 17 Ritan North Road, Chaoyang (check-in on the 5th floor)",4.5,4.5,4.4,4.4,246,2008,standard room,686,116.449591,39.925633,82,255,19
Beijing Jingrui Hot Spring International Hotel,Chaoyang District,"No. 17, South East Third Ring Road, Chaoyang",4.4,4.3,4.3,4.1,263,2016,standard room,684,116.466809,39.875407,14,100,20
Beijing Tiantai Hotel,other urban areas,"No. 1 Toutiao, South Lishi Road, Xicheng",4.6,4.6,4.5,4.4,204,2012,business room,683,116.357252,39.915361,58,166,34
Beijing Palace International Hotel,Chaoyang District,Chaoyang Shifoying Dongli No. 155,4.5,4.5,4.3,4.3,147,2010,standard room,682,116.514713,39.93883,7,38,1
Beijing Century Lotus Hotel,other urban areas,"Building 1, Courtyard 1, Lianhuachi South Road, Fengtai",4.7,4.6,4.5,4.5,35,2016,business room,679,116.327453,39.896866,20,100,16
Beijing Yitian Yingren Garden Hotel,other urban areas,"No. 122, Huaigeng Road, Yangsong Town, Huairou (East side of China Film Base)",4.6,4.6,4.5,4.4,208,2012,standard room,676,116.682415,40.296621,0,0,0
Hotel Nikko New Century Beijing,Haidian District,"No. 6, Head South Road, Haidian",4.4,4.4,4.4,4.2,507,2013,standard room,666,116.334416,39.943255,20,63,50
"No. 9 Dacheng Road, Beijing",other urban areas,"No. 9 Dacheng Road, Zhengchangzhuang, Fengtai",4.6,4.4,4.4,4.4,157,2007,standard room,664,116.275409,39.896256,5,48,3
Beijing Napa Hot Spring Hotel,other urban areas,"No. 68, Shashun Road, Xiaotangshan Town, Changping",4.2,4.2,4,3.9,65,2006,business room,664,116.43146,40.178104,0,0,0
Beijing Zhongle Six Star Hotel,other urban areas,"No. 4, District 3, Fangzhuang Fangqun Garden, Fengtai",4.5,4.4,4.4,4.3,187,2014,standard room,663,116.43145,39.867053,10,100,13
Beijing Yishengyuan International Conference Center,other urban areas,"No. 5, Zuodi Road, Beixiaoying Town, Shunyi",4.3,4.2,4.2,4.1,90,2006,business room,663,116.70043,40.205063,0,0,0
Beijing Macrolink Lijing Hot Spring Hotel,other urban areas,"No. 111, Xuanzhuang Huzhong Street, Lisui Town, Shunyi",4.6,4.6,4.4,4.1,10,2015,business room,656,116.769465,40.130551,0,0,0
Beijing Sunshine International Conference Center,other urban areas,"No. 1 South of Rulin Village, Xiji Town, Tongzhou",4.2,3.9,3.9,3.9,55,2013,business room,656,116.798816,39.815461,0,0,0
Beijing Schonbrunn Hotel,Haidian District,"No. 125, North West Fourth Ring Road, Haidian",4.4,4.3,4.3,4.2,258,2008,business room,655,116.279381,39.943661,7,41,8
Beijing Taishan Hotel,Haidian District,"No. 8 Anning Beili, Xisanqi, Haidian",4.7,4.6,4.6,4.3,235,2011,standard room,655,116.335863,40.055378,2,4,5
Beijing Riverside Hotel,other urban areas,"No. 15, Fengtai Shooting Range Road",4.7,4.6,4.6,4.4,149,2013,standard room,655,116.176544,39.88232,0,0,0
Beijing Wanshi Celebrity Hotel,Chaoyang District,"Beiyuan Middle Street, 300 meters north of Gujiazhuang Bridge, Beiyuan East Road, Chaoyang",4.6,4.5,4.4,4.2,79,2014,standard room,651,116.446592,40.034562,4,4,0
Beijing Jingguang Center Hotel Apartment,Chaoyang District,"Hujia Building, Jingguang Center, No. 1 Chaoyangmenwai Street, Chaoyang",4.6,4.4,4.4,4.2,12,2006,standard room,645,116.454807,39.929431,72,229,20
Beijing Xiyuan Hotel,Haidian District,"No. 1, Sanlihe Road, Haidian",4.5,4.4,4.4,4.1,484,2013,standard room,644,116.282374,39.957178,17,66,15
Beijing Joy City Hotel Apartment,other urban areas,"No. 131, B, Xidan North Street, Xicheng",4.7,4.4,4.3,4.3,333,2015,business room,634,116.378925,39.916821,20,119,13
Beijing Renwei Hotel,Chaoyang District,Chaoyang Panjiayuan South Lane No. 19,4.6,4.5,4.5,4.5,281,2006,standard room,632,116.451854,39.881216,14,109,20
Beijing Century Lotus Hotel,other urban areas,"Building 1, Courtyard 1, Lianhuachi South Road, Fengtai",4.7,4.6,4.5,4.5,35,2016,standard room,629,116.327453,39.896866,20,100,16
Beijing Nangong Hotspring Resort Hotel,other urban areas,"No. 39, Fugong Road, Wangzuo Town, Fengtai",4.3,4.2,4.1,4.1,159,2008,standard room,621,116.160385,39.811382,0,0,0
Beijing Guoerzhao Hotel (East Building),other urban areas,"No. 6, Xizhimen South Street, Xicheng (South Gate)",4.6,4.6,4.6,4.5,173,2015,standard room,616,116.363278,39.944267,33,115,30
Beijing Sinopec Conference Center,other urban areas,"No. 21, Changping Reservoir Road",4.6,4.4,4.2,4.2,102,2015,standard room,593,116.269627,40.249937,0,0,0
Beijing Oriental MGM International Hotel,other urban areas,"No. 2 Wenlin North Street, Fengtai",4.6,4.6,4.4,4.1,35,2015,standard room,591,116.099392,39.81691,0,0,0
Beijing Liaoning Building,Haidian District,"No. 2, West Road, North Fourth Ring Road, Haidian",4.6,4.5,4.5,4.4,313,2015,standard room,586,116.343697,39.990957,21,78,160
Beijing Hyde Hot Spring Hotel,Chaoyang District,"No. 1 Xili, Qingnian Road, Chaoyang",4.3,4.2,4.1,4.1,100,2014,standard room,585,116.522665,39.941712,11,39,5
Beijing Napa Hot Spring Hotel,other urban areas,"No. 68, Shashun Road, Xiaotangshan Town, Changping",4.2,4.2,4,3.9,65,2006,standard room,576,116.43146,40.178104,0,0,0
Beijing Joy City Hotel Apartment,other urban areas,"No. 131, B, Xidan North Street, Xicheng",4.7,4.4,4.3,4.3,333,2015,standard room,575,116.378925,39.916821,20,119,13
Beijing Olympic Village Garden Hotel,Chaoyang District,"Building A, No. 1 Yard, Lincui East Road, Chaoyang",4.6,4.5,4.4,4.3,109,2010,standard room,570,116.387102,40.015088,0,2,1
Beijing Shijingshan HNA Hotel,other urban areas,"No. 11, Shijingshan Stadium South Road",3.9,3.8,3.8,3.7,170,2008,standard room,568,116.206271,39.912487,8,48,11
Beijing Yosemite Business Hotel,other urban areas,"No. 4 Yuyang Road, Houshayu Town, Shunyi",4.3,4.3,4.3,4.2,94,2008,standard room,568,116.527758,40.084188,0,0,0
Beijing Yishengyuan International Conference Center,other urban areas,"No. 5, Zuodi Road, Beixiaoying Town, Shunyi",4.3,4.2,4.2,4.1,90,2006,standard room,552,116.70043,40.205063,0,0,0
Beijing Yulong International Hotel,Haidian District,"No. 40, Fucheng Road, Haidian",4.6,4.5,4.5,4.5,313,2008,standard room,550,116.305095,39.929569,20,87,56
Chang'an Hotel (Shaanxi Building),Chaoyang District,"No. 27 Huawei Lane, Chaoyang",4.3,4.2,4.2,3.9,256,2008,standard room,529,116.465118,39.877308,16,118,13
Somerset Zhongguancun Beijing,Haidian District,"No. 15, Haidian Middle Street, Haidian",4.6,4.6,4.5,4.4,146,2006,standard room,521,116.316475,39.983226,100,124,147
Beijing Changyu Afeibao International Winery (European Town Resort Hotel),other urban areas,"Dongbaiyan, Jugezhuang Town, Miyun",4.4,4.2,4.1,3.9,184,2009,standard room,516,116.904586,40.380076,0,0,0
Beijing Huabei Hotel,other urban areas,"No. 1, Badachu Road, Shijingshan",4.3,4,4,4,79,2012,business room,512,116.204796,39.953751,0,10,3
Beijing Huabei Hotel,other urban areas,"No. 1, Badachu Road, Shijingshan",4.3,4,4,4,79,2012,business room,512,116.204796,39.953751,0,10,3
Holiday Inn Beijing Shijingshan Parkview,other urban areas,"No. 555, Tiancun Road, Shijingshan",4.6,4.4,4.3,4.1,136,2012,standard room,509,116.221697,39.944104,2,4,5
Beijing Jiuhua Villa VIP Building Hotel,other urban areas,"1000 meters east of Mafang Bridge, Xiaotangshan, Changping",4.2,4.2,4.1,4.1,171,2009,standard room,507,116.394718,40.164945,0,0,0
Beijing Longwan International Camping Park,other urban areas,"200 meters south of Donglongwan Village, Jiuxian Town, Yanqing",4.7,4.5,4.3,4.3,120,2014,business room,507,116.093857,40.556283,0,0,0
Beijing Huabei Hotel,other urban areas,"No. 1, Badachu Road, Shijingshan",4.3,4,4,4,79,2012,standard room,489,116.204796,39.953751,0,10,3
Beijing Ruihaimu Pastoral Resort,other urban areas,"No. 2 West Bridge Road, Miyun",4.3,4.2,4.1,3.9,195,2007,standard room,485,116.840183,40.373798,0,0,0
Beijing Xiadu Conference Center,other urban areas,"No. 22, Hunan West Road, Yanqing",4.3,4,3.9,3.7,155,2002,standard room,460,115.974044,40.455965,0,0,0
Beijing Yangfang Victory Hotel,other urban areas,"No. 10, Zhongxin Street, Yangfang Town, Changping",4.4,4.4,4.4,4.1,20,2015,business room,458,116.150393,40.150278,0,0,0
Beijing Schonbrunn Hotel,Haidian District,"No. 125, North West Fourth Ring Road, Haidian",4.4,4.3,4.3,4.2,258,2008,standard room,456,116.279381,39.943661,7,41,8
Beijing International Hot Spring Hotel,Haidian District,"No. 1 West Fontainelysee Road, Haidian",4,3.8,3.7,3.6,90,2015,business room,443,116.363006,40.072318,0,0,0
Beijing International Hot Spring Hotel,Haidian District,"No. 1 West Fontainelysee Road, Haidian",4,3.8,3.7,3.6,90,2015,standard room,414,116.363006,40.072318,0,0,0
Beijing International Hot Spring Hotel,Haidian District,"No. 1 West Fontainelysee Road, Haidian",4,3.8,3.7,3.6,90,2015,standard room,414,116.363006,40.072318,0,0,0
Beijing Jinqiao International Apartment Hotel (Fangshan District),other urban areas,"No. 48, Haotian North Street, Changyang Town, Fangshan",4.3,4.2,4.1,4.1,124,2016,standard room,409,116.157197,39.749339,0,0,0
Beijing Jinchao Yuma International Hotel,other urban areas,"No. 10 Xiangyang East Road, Mapo, Shunyi",4.1,4,4,3.9,74,2007,standard room,376,116.678635,40.175774,0,0,0
Beijing Macrolink Lijing Hot Spring Hotel,other urban areas,"No. 111, Xuanzhuang Huzhong Street, Lisui Town, Shunyi",4.6,4.6,4.4,4.1,10,2015,standard room,375,116.769465,40.130551,0,0,0
Beijing Sunshine International Conference Center,other urban areas,"No. 1 South of Rulin Village, Xiji Town, Tongzhou",4.2,3.9,3.9,3.9,55,2013,standard room,375,116.798816,39.815461,0,0,0
Beijing Jinbao Garden Hotel,other urban areas,"Jinbao Garden, North Shun'an Road, Mapo, Shunyi",4.3,4.2,4.1,4.1,109,2015,standard room,373,116.667044,40.178839,0,0,0
Beijing Longwan International Camping Park,other urban areas,"200 meters south of Donglongwan Village, Jiuxian Town, Yanqing",4.7,4.5,4.3,4.3,120,2014,standard room,332,116.093857,40.556283,0,0,0
Beijing Yangfang Victory Hotel,other urban areas,"No. 10, Zhongxin Street, Yangfang Town, Changping",4.4,4.4,4.4,4.1,20,2015,standard room,320,116.150393,40.150278,0,0,0
